typeCode,freqCode,refPeriodId,refYear,refMonth,period,reporterCode,reporterISO,reporterDesc,flowCode,flowDesc,partnerCode,partnerISO,partnerDesc,partner2Code,partner2ISO,partner2Desc,classificationCode,classificationSearchCode,isOriginalClassification,cmdCode,cmdDesc,aggrLevel,isLeaf,customsCode,customsDesc,mosCode,motCode,motDesc,qtyUnitCode,qtyUnitAbbr,qty,isQtyEstimated,altQtyUnitCode,altQtyUnitAbbr,altQty,isAltQtyEstimated,netWgt,isNetWgtEstimated,grossWgt,isGrossWgtEstimated,cifvalue,fobvalue,primaryValue,legacyEstimationFlag,isReported,isAggregate
C,A,20220101,2022,52,2022,36,AUS,Australia,M,Import,0,W00,World,0,W00,World,H6,HS,True,90,"Optical, photographic, cinematographic, measuring, checking, medical or surgical instruments and apparatus; parts and accessories",2,False,C00,TOTAL CPC,0,0,TOTAL MOT,-1,N/A,0.0,False,-1,N/A,0.0,False,,False,0.0,False,9846232938.703,9419865085.105,9846232938.703,0,False,True
C,A,20220101,2022,52,2022,36,AUS,Australia,M,Import,4,AFG,Afghanistan,0,W00,World,H6,HS,True,90,"Optical, photographic, cinematographic, measuring, checking, medical or surgical instruments and apparatus; parts and accessories",2,False,C00,TOTAL CPC,0,0,TOTAL MOT,-1,N/A,0.0,False,-1,N/A,0.0,False,0.0,True,0.0,False,26723.098,24671.018,26723.098,4,False,True
C,A,20220101,2022,52,2022,36,AUS,Australia,M,Import,12,DZA,Algeria,0,W00,World,H6,HS,True,90,"Optical, photographic, cinematographic, measuring, checking, medical or surgical instruments and apparatus; parts and accessories",2,False,C00,TOTAL CPC,0,0,TOTAL MOT,-1,N/A,0.0,False,-1,N/A,0.0,False,,False,0.0,False,2565.146,2406.33,2565.146,0,False,True
C,A,20220101,2022,52,2022,36,AUS,Australia,M,Import,16,ASM,American Samoa,0,W00,World,H6,HS,True,90,"Optical, photographic, cinematographic, measuring, checking, medical or surgical instruments and apparatus; parts and accessories",2,False,C00,TOTAL CPC,0,0,TOTAL MOT,-1,N/A,0.0,False,-1,N/A,0.0,False,0.0,True,0.0,False,33742.997,32367.143,33742.997,4,False,True
C,A,20220101,2022,52,2022,36,AUS,Australia,M,Import,24,AGO,Angola,0,W00,World,H6,HS,True,90,"Optical, photographic, cinematographic, measuring, checking, medical or surgical instruments and apparatus; parts and accessories",2,False,C00,TOTAL CPC,0,0,TOTAL MOT,-1,N/A,0.0,False,-1,N/A,0.0,False,0.0,True,0.0,False,7233.174,6420.142,7233.174,4,False,True
C,A,20220101,2022,52,2022,36,AUS,Australia,M,Import,28,ATG,Antigua and Barbuda,0,W00,World,H6,HS,True,90,"Optical, photographic, cinematographic, measuring, checking, medical or surgical instruments and apparatus; parts and accessories",2,False,C00,TOTAL CPC,0,0,TOTAL MOT,-1,N/A,0.0,False,-1,N/A,0.0,False,0.0,True,0.0,False,86965.59,85006.667,86965.59,4,False,True
C,A,20220101,2022,52,2022,36,AUS,Australia,M,Import,32,ARG,Argentina,0,W00,World,H6,HS,True,90,"Optical, photographic, cinematographic, measuring, checking, medical or surgical instruments and apparatus; parts and accessories",2,False,C00,TOTAL CPC,0,0,TOTAL MOT,-1,N/A,0.0,False,-1,N/A,0.0,False,0.0,True,0.0,False,1606519.009,1544154.234,1606519.009,4,False,True
C,A,20220101,2022,52,2022,36,AUS,Australia,M,Import,36,AUS,Australia,0,W00,World,H6,HS,True,90,"Optical, photographic, cinematographic, measuring, checking, medical or surgical instruments and apparatus; parts and accessories",2,False,C00,TOTAL CPC,0,0,TOTAL MOT,-1,N/A,0.0,False,-1,N/A,0.0,False,0.0,True,0.0,False,78837731.074,77433760.985,78837731.074,4,False,True
C,A,20220101,2022,52,2022,36,AUS,Australia,M,Import,40,AUT,Austria,0,W00,World,H6,HS,True,90,"Optical, photographic, cinematographic, measuring, checking, medical or surgical instruments and apparatus; parts and accessories",2,False,C00,TOTAL CPC,0,0,TOTAL MOT,-1,N/A,0.0,False,-1,N/A,0.0,False,0.0,True,0.0,False,56994218.999,54982336.227,56994218.999,4,False,True
C,A,20220101,2022,52,2022,36,AUS,Australia,M,Import,48,BHR,Bahrain,0,W00,World,H6,HS,True,90,"Optical, photographic, cinematographic, measuring, checking, medical or surgical instruments and apparatus; parts and accessories",2,False,C00,TOTAL CPC,0,0,TOTAL MOT,-1,N/A,0.0,False,-1,N/A,0.0,False,,False,0.0,False,5876.575,5752.462,5876.575,0,False,True
C,A,20220101,2022,52,2022,36,AUS,Australia,M,Import,50,BGD,Bangladesh,0,W00,World,H6,HS,True,90,"Optical, photographic, cinematographic, measuring, checking, medical or surgical instruments and apparatus; parts and accessories",2,False,C00,TOTAL CPC,0,0,TOTAL MOT,-1,N/A,0.0,False,-1,N/A,0.0,False,0.0,True,0.0,False,2386299.693,2337329.45,2386299.693,4,False,True
C,A,20220101,2022,52,2022,36,AUS,Australia,M,Import,51,ARM,Armenia,0,W00,World,H6,HS,True,90,"Optical, photographic, cinematographic, measuring, checking, medical or surgical instruments and apparatus; parts and accessories",2,False,C00,TOTAL CPC,0,0,TOTAL MOT,-1,N/A,0.0,False,-1,N/A,0.0,False,0.0,True,0.0,False,60521.996,59158.107,60521.996,4,False,True
C,A,20220101,2022,52,2022,36,AUS,Australia,M,Import,52,BRB,Barbados,0,W00,World,H6,HS,True,90,"Optical, photographic, cinematographic, measuring, checking, medical or surgical instruments and apparatus; parts and accessories",2,False,C00,TOTAL CPC,0,0,TOTAL MOT,-1,N/A,0.0,False,-1,N/A,0.0,False,0.0,True,0.0,False,1070.013,985.618,1070.013,4,False,True
C,A,20220101,2022,52,2022,36,AUS,Australia,M,Import,56,BEL,Belgium,0,W00,World,H6,HS,True,90,"Optical, photographic, cinematographic, measuring, checking, medical or surgical instruments and apparatus; parts and accessories",2,False,C00,TOTAL CPC,0,0,TOTAL MOT,-1,N/A,0.0,False,-1,N/A,0.0,False,0.0,True,0.0,False,36221785.744,34665643.783,36221785.744,4,False,True
C,A,20220101,2022,52,2022,36,AUS,Australia,M,Import,70,BIH,Bosnia Herzegovina,0,W00,World,H6,HS,True,90,"Optical, photographic, cinematographic, measuring, checking, medical or surgical instruments and apparatus; parts and accessories",2,False,C00,TOTAL CPC,0,0,TOTAL MOT,-1,N/A,0.0,False,-1,N/A,0.0,False,,False,0.0,False,3627051.103,3379515.916,3627051.103,0,False,True
C,A,20220101,2022,52,2022,36,AUS,Australia,M,Import,72,BWA,Botswana,0,W00,World,H6,HS,True,90,"Optical, photographic, cinematographic, measuring, checking, medical or surgical instruments and apparatus; parts and accessories",2,False,C00,TOTAL CPC,0,0,TOTAL MOT,-1,N/A,0.0,False,-1,N/A,0.0,False,0.0,True,0.0,False,22405.276,20921.019,22405.276,4,False,True
C,A,20220101,2022,52,2022,36,AUS,Australia,M,Import,76,BRA,Brazil,0,W00,World,H6,HS,True,90,"Optical, photographic, cinematographic, measuring, checking, medical or surgical instruments and apparatus; parts and accessories",2,False,C00,TOTAL CPC,0,0,TOTAL MOT,-1,N/A,0.0,False,-1,N/A,0.0,False,0.0,True,0.0,False,12454461.411,12024076.819,12454461.411,4,False,True
C,A,20220101,2022,52,2022,36,AUS,Australia,M,Import,84,BLZ,Belize,0,W00,World,H6,HS,True,90,"Optical, photographic, cinematographic, measuring, checking, medical or surgical instruments and apparatus; parts and accessories",2,False,C00,TOTAL CPC,0,0,TOTAL MOT,-1,N/A,0.0,False,-1,N/A,0.0,False,,False,0.0,False,12314.044,11961.604,12314.044,0,False,True
C,A,20220101,2022,52,2022,36,AUS,Australia,M,Import,90,SLB,Solomon Isds,0,W00,World,H6,HS,True,90,"Optical, photographic, cinematographic, measuring, checking, medical or surgical instruments and apparatus; parts and accessories",2,False,C00,TOTAL CPC,0,0,TOTAL MOT,-1,N/A,0.0,False,-1,N/A,0.0,False,0.0,True,0.0,False,15394.969,14718.89,15394.969,4,False,True
C,A,20220101,2022,52,2022,36,AUS,Australia,M,Import,92,VGB,Br. Virgin Isds,0,W00,World,H6,HS,True,90,"Optical, photographic, cinematographic, measuring, checking, medical or surgical instruments and apparatus; parts and accessories",2,False,C00,TOTAL CPC,0,0,TOTAL MOT,-1,N/A,0.0,False,-1,N/A,0.0,False,0.0,True,0.0,False,12771.21,11951.519,12771.21,4,False,True
C,A,20220101,2022,52,2022,36,AUS,Australia,M,Import,96,BRN,Brunei Darussalam,0,W00,World,H6,HS,True,90,"Optical, photographic, cinematographic, measuring, checking, medical or surgical instruments and apparatus; parts and accessories",2,False,C00,TOTAL CPC,0,0,TOTAL MOT,-1,N/A,0.0,False,-1,N/A,0.0,False,0.0,True,0.0,False,51041.412,50577.442,51041.412,4,False,True
C,A,20220101,2022,52,2022,36,AUS,Australia,M,Import,100,BGR,Bulgaria,0,W00,World,H6,HS,True,90,"Optical, photographic, cinematographic, measuring, checking, medical or surgical instruments and apparatus; parts and accessories",2,False,C00,TOTAL CPC,0,0,TOTAL MOT,-1,N/A,0.0,False,-1,N/A,0.0,False,0.0,True,0.0,False,4595202.97,4334670.023,4595202.97,4,False,True
C,A,20220101,2022,52,2022,36,AUS,Australia,M,Import,104,MMR,Myanmar,0,W00,World,H6,HS,True,90,"Optical, photographic, cinematographic, measuring, checking, medical or surgical instruments and apparatus; parts and accessories",2,False,C00,TOTAL CPC,0,0,TOTAL MOT,-1,N/A,0.0,False,-1,N/A,0.0,False,0.0,True,0.0,False,776430.078,740354.347,776430.078,4,False,True
C,A,20220101,2022,52,2022,36,AUS,Australia,M,Import,112,BLR,Belarus,0,W00,World,H6,HS,True,90,"Optical, photographic, cinematographic, measuring, checking, medical or surgical instruments and apparatus; parts and accessories",2,False,C00,TOTAL CPC,0,0,TOTAL MOT,-1,N/A,0.0,False,-1,N/A,0.0,False,,False,0.0,False,801237.696,713620.29,801237.696,0,False,True
C,A,20220101,2022,52,2022,36,AUS,Australia,M,Import,116,KHM,Cambodia,0,W00,World,H6,HS,True,90,"Optical, photographic, cinematographic, measuring, checking, medical or surgical instruments and apparatus; parts and accessories",2,False,C00,TOTAL CPC,0,0,TOTAL MOT,-1,N/A,0.0,False,-1,N/A,0.0,False,0.0,True,0.0,False,56240.877,49682.601,56240.877,4,False,True
C,A,20220101,2022,52,2022,36,AUS,Australia,M,Import,120,CMR,Cameroon,0,W00,World,H6,HS,True,90,"Optical, photographic, cinematographic, measuring, checking, medical or surgical instruments and apparatus; parts and accessories",2,False,C00,TOTAL CPC,0,0,TOTAL MOT,-1,N/A,0.0,False,-1,N/A,0.0,False,0.0,True,0.0,False,5698.365,5549.53,5698.365,4,False,True
C,A,20220101,2022,52,2022,36,AUS,Australia,M,Import,124,CAN,Canada,0,W00,World,H6,HS,True,90,"Optical, photographic, cinematographic, measuring, checking, medical or surgical instruments and apparatus; parts and accessories",2,False,C00,TOTAL CPC,0,0,TOTAL MOT,-1,N/A,0.0,False,-1,N/A,0.0,False,0.0,True,0.0,False,132565862.089,127870342.759,132565862.089,4,False,True
C,A,20220101,2022,52,2022,36,AUS,Australia,M,Import,132,CPV,Cabo Verde,0,W00,World,H6,HS,True,90,"Optical, photographic, cinematographic, measuring, checking, medical or surgical instruments and apparatus; parts and accessories",2,False,C00,TOTAL CPC,0,0,TOTAL MOT,-1,N/A,0.0,False,-1,N/A,0.0,False,,False,0.0,False,1205.267,1176.418,1205.267,0,False,True
C,A,20220101,2022,52,2022,36,AUS,Australia,M,Import,136,CYM,Cayman Isds,0,W00,World,H6,HS,True,90,"Optical, photographic, cinematographic, measuring, checking, medical or surgical instruments and apparatus; parts and accessories",2,False,C00,TOTAL CPC,0,0,TOTAL MOT,-1,N/A,0.0,False,-1,N/A,0.0,False,,False,0.0,False,15850.221,15352.296,15850.221,0,False,True
C,A,20220101,2022,52,2022,36,AUS,Australia,M,Import,140,CAF,Central African Rep.,0,W00,World,H6,HS,True,90,"Optical, photographic, cinematographic, measuring, checking, medical or surgical instruments and apparatus; parts and accessories",2,False,C00,TOTAL CPC,0,0,TOTAL MOT,-1,N/A,0.0,False,-1,N/A,0.0,False,,False,0.0,False,6532.144,6150.967,6532.144,0,False,True
C,A,20220101,2022,52,2022,36,AUS,Australia,M,Import,144,LKA,Sri Lanka,0,W00,World,H6,HS,True,90,"Optical, photographic, cinematographic, measuring, checking, medical or surgical instruments and apparatus; parts and accessories",2,False,C00,TOTAL CPC,0,0,TOTAL MOT,-1,N/A,0.0,False,-1,N/A,0.0,False,,False,0.0,False,1948297.691,1899273.115,1948297.691,0,False,True
C,A,20220101,2022,52,2022,36,AUS,Australia,M,Import,148,TCD,Chad,0,W00,World,H6,HS,True,90,"Optical, photographic, cinematographic, measuring, checking, medical or surgical instruments and apparatus; parts and accessories",2,False,C00,TOTAL CPC,0,0,TOTAL MOT,-1,N/A,0.0,False,-1,N/A,0.0,False,,False,0.0,False,1459.438,1322.187,1459.438,0,False,True
C,A,20220101,2022,52,2022,36,AUS,Australia,M,Import,152,CHL,Chile,0,W00,World,H6,HS,True,90,"Optical, photographic, cinematographic, measuring, checking, medical or surgical instruments and apparatus; parts and accessories",2,False,C00,TOTAL CPC,0,0,TOTAL MOT,-1,N/A,0.0,False,-1,N/A,0.0,False,0.0,True,0.0,False,700465.8,677484.739,700465.8,4,False,True
C,A,20220101,2022,52,2022,36,AUS,Australia,M,Import,156,CHN,China,0,W00,World,H6,HS,True,90,"Optical, photographic, cinematographic, measuring, checking, medical or surgical instruments and apparatus; parts and accessories",2,False,C00,TOTAL CPC,0,0,TOTAL MOT,-1,N/A,0.0,False,-1,N/A,0.0,False,0.0,True,0.0,False,1511430672.471,1424245114.473,1511430672.471,4,False,True
C,A,20220101,2022,52,2022,36,AUS,Australia,M,Import,166,CCK,Cocos Isds,0,W00,World,H6,HS,True,90,"Optical, photographic, cinematographic, measuring, checking, medical or surgical instruments and apparatus; parts and accessories",2,False,C00,TOTAL CPC,0,0,TOTAL MOT,-1,N/A,0.0,False,-1,N/A,0.0,False,,False,0.0,False,3788.718,3572.26,3788.718,0,False,True
C,A,20220101,2022,52,2022,36,AUS,Australia,M,Import,170,COL,Colombia,0,W00,World,H6,HS,True,90,"Optical, photographic, cinematographic, measuring, checking, medical or surgical instruments and apparatus; parts and accessories",2,False,C00,TOTAL CPC,0,0,TOTAL MOT,-1,N/A,0.0,False,-1,N/A,0.0,False,0.0,True,0.0,False,161323.898,155701.23,161323.898,4,False,True
C,A,20220101,2022,52,2022,36,AUS,Australia,M,Import,178,COG,Congo,0,W00,World,H6,HS,True,90,"Optical, photographic, cinematographic, measuring, checking, medical or surgical instruments and apparatus; parts and accessories",2,False,C00,TOTAL CPC,0,0,TOTAL MOT,-1,N/A,0.0,False,-1,N/A,0.0,False,0.0,True,0.0,False,34631.54,33743.282,34631.54,4,False,True
C,A,20220101,2022,52,2022,36,AUS,Australia,M,Import,180,COD,Dem. Rep. of the Congo,0,W00,World,H6,HS,True,90,"Optical, photographic, cinematographic, measuring, checking, medical or surgical instruments and apparatus; parts and accessories",2,False,C00,TOTAL CPC,0,0,TOTAL MOT,-1,N/A,0.0,False,-1,N/A,0.0,False,0.0,True,0.0,False,14238.459,12665.985,14238.459,4,False,True
C,A,20220101,2022,52,2022,36,AUS,Australia,M,Import,184,COK,Cook Isds,0,W00,World,H6,HS,True,90,"Optical, photographic, cinematographic, measuring, checking, medical or surgical instruments and apparatus; parts and accessories",2,False,C00,TOTAL CPC,0,0,TOTAL MOT,-1,N/A,0.0,False,-1,N/A,0.0,False,0.0,True,0.0,False,6433.217,6295.598,6433.217,4,False,True
C,A,20220101,2022,52,2022,36,AUS,Australia,M,Import,188,CRI,Costa Rica,0,W00,World,H6,HS,True,90,"Optical, photographic, cinematographic, measuring, checking, medical or surgical instruments and apparatus; parts and accessories",2,False,C00,TOTAL CPC,0,0,TOTAL MOT,-1,N/A,0.0,False,-1,N/A,0.0,False,0.0,True,0.0,False,102747795.546,97047217.233,102747795.546,4,False,True
C,A,20220101,2022,52,2022,36,AUS,Australia,M,Import,191,HRV,Croatia,0,W00,World,H6,HS,True,90,"Optical, photographic, cinematographic, measuring, checking, medical or surgical instruments and apparatus; parts and accessories",2,False,C00,TOTAL CPC,0,0,TOTAL MOT,-1,N/A,0.0,False,-1,N/A,0.0,False,0.0,True,0.0,False,264987.643,246136.726,264987.643,4,False,True
C,A,20220101,2022,52,2022,36,AUS,Australia,M,Import,196,CYP,Cyprus,0,W00,World,H6,HS,True,90,"Optical, photographic, cinematographic, measuring, checking, medical or surgical instruments and apparatus; parts and accessories",2,False,C00,TOTAL CPC,0,0,TOTAL MOT,-1,N/A,0.0,False,-1,N/A,0.0,False,,False,0.0,False,105970.206,102399.84,105970.206,0,False,True
C,A,20220101,2022,52,2022,36,AUS,Australia,M,Import,203,CZE,Czechia,0,W00,World,H6,HS,True,90,"Optical, photographic, cinematographic, measuring, checking, medical or surgical instruments and apparatus; parts and accessories",2,False,C00,TOTAL CPC,0,0,TOTAL MOT,-1,N/A,0.0,False,-1,N/A,0.0,False,0.0,True,0.0,False,37253337.914,34589280.293,37253337.914,4,False,True
C,A,20220101,2022,52,2022,36,AUS,Australia,M,Import,208,DNK,Denmark,0,W00,World,H6,HS,True,90,"Optical, photographic, cinematographic, measuring, checking, medical or surgical instruments and apparatus; parts and accessories",2,False,C00,TOTAL CPC,0,0,TOTAL MOT,-1,N/A,0.0,False,-1,N/A,0.0,False,0.0,True,0.0,False,97041813.375,93683666.384,97041813.375,4,False,True
C,A,20220101,2022,52,2022,36,AUS,Australia,M,Import,214,DOM,Dominican Rep.,0,W00,World,H6,HS,True,90,"Optical, photographic, cinematographic, measuring, checking, medical or surgical instruments and apparatus; parts and accessories",2,False,C00,TOTAL CPC,0,0,TOTAL MOT,-1,N/A,0.0,False,-1,N/A,0.0,False,0.0,True,0.0,False,29481427.657,27116336.07,29481427.657,4,False,True
C,A,20220101,2022,52,2022,36,AUS,Australia,M,Import,218,ECU,Ecuador,0,W00,World,H6,HS,True,90,"Optical, photographic, cinematographic, measuring, checking, medical or surgical instruments and apparatus; parts and accessories",2,False,C00,TOTAL CPC,0,0,TOTAL MOT,-1,N/A,0.0,False,-1,N/A,0.0,False,0.0,True,0.0,False,237881.31,229931.762,237881.31,4,False,True
C,A,20220101,2022,52,2022,36,AUS,Australia,M,Import,222,SLV,El Salvador,0,W00,World,H6,HS,True,90,"Optical, photographic, cinematographic, measuring, checking, medical or surgical instruments and apparatus; parts and accessories",2,False,C00,TOTAL CPC,0,0,TOTAL MOT,-1,N/A,0.0,False,-1,N/A,0.0,False,0.0,True,0.0,False,75405.66,74954.508,75405.66,4,False,True
C,A,20220101,2022,52,2022,36,AUS,Australia,M,Import,231,ETH,Ethiopia,0,W00,World,H6,HS,True,90,"Optical, photographic, cinematographic, measuring, checking, medical or surgical instruments and apparatus; parts and accessories",2,False,C00,TOTAL CPC,0,0,TOTAL MOT,-1,N/A,0.0,False,-1,N/A,0.0,False,0.0,True,0.0,False,13270.328,13129.907,13270.328,4,False,True
C,A,20220101,2022,52,2022,36,AUS,Australia,M,Import,233,EST,Estonia,0,W00,World,H6,HS,True,90,"Optical, photographic, cinematographic, measuring, checking, medical or surgical instruments and apparatus; parts and accessories",2,False,C00,TOTAL CPC,0,0,TOTAL MOT,-1,N/A,0.0,False,-1,N/A,0.0,False,0.0,True,0.0,False,13063304.657,12578819.613,13063304.657,4,False,True
C,A,20220101,2022,52,2022,36,AUS,Australia,M,Import,238,FLK,Falkland Isds (Malvinas),0,W00,World,H6,HS,True,90,"Optical, photographic, cinematographic, measuring, checking, medical or surgical instruments and apparatus; parts and accessories",2,False,C00,TOTAL CPC,0,0,TOTAL MOT,-1,N/A,0.0,False,-1,N/A,0.0,False,0.0,True,0.0,False,2799.514,2678.467,2799.514,4,False,True
C,A,20220101,2022,52,2022,36,AUS,Australia,M,Import,242,FJI,Fiji,0,W00,World,H6,HS,True,90,"Optical, photographic, cinematographic, measuring, checking, medical or surgical instruments and apparatus; parts and accessories",2,False,C00,TOTAL CPC,0,0,TOTAL MOT,-1,N/A,0.0,False,-1,N/A,0.0,False,0.0,True,0.0,False,307372.258,297468.206,307372.258,4,False,True
C,A,20220101,2022,52,2022,36,AUS,Australia,M,Import,246,FIN,Finland,0,W00,World,H6,HS,True,90,"Optical, photographic, cinematographic, measuring, checking, medical or surgical instruments and apparatus; parts and accessories",2,False,C00,TOTAL CPC,0,0,TOTAL MOT,-1,N/A,0.0,False,-1,N/A,0.0,False,0.0,True,0.0,False,73369097.799,70090442.66,73369097.799,4,False,True
C,A,20220101,2022,52,2022,36,AUS,Australia,M,Import,251,FRA,France,0,W00,World,H6,HS,True,90,"Optical, photographic, cinematographic, measuring, checking, medical or surgical instruments and apparatus; parts and accessories",2,False,C00,TOTAL CPC,0,0,TOTAL MOT,-1,N/A,0.0,False,-1,N/A,0.0,False,0.0,True,0.0,False,258628956.998,250896363.756,258628956.998,4,False,True
C,A,20220101,2022,52,2022,36,AUS,Australia,M,Import,258,PYF,French Polynesia,0,W00,World,H6,HS,True,90,"Optical, photographic, cinematographic, measuring, checking, medical or surgical instruments and apparatus; parts and accessories",2,False,C00,TOTAL CPC,0,0,TOTAL MOT,-1,N/A,0.0,False,-1,N/A,0.0,False,0.0,True,0.0,False,2479.655,2394.455,2479.655,4,False,True
C,A,20220101,2022,52,2022,36,AUS,Australia,M,Import,268,GEO,Georgia,0,W00,World,H6,HS,True,90,"Optical, photographic, cinematographic, measuring, checking, medical or surgical instruments and apparatus; parts and accessories",2,False,C00,TOTAL CPC,0,0,TOTAL MOT,-1,N/A,0.0,False,-1,N/A,0.0,False,0.0,True,0.0,False,460346.57,450899.081,460346.57,4,False,True
C,A,20220101,2022,52,2022,36,AUS,Australia,M,Import,276,DEU,Germany,0,W00,World,H6,HS,True,90,"Optical, photographic, cinematographic, measuring, checking, medical or surgical instruments and apparatus; parts and accessories",2,False,C00,TOTAL CPC,0,0,TOTAL MOT,-1,N/A,0.0,False,-1,N/A,0.0,False,0.0,True,0.0,False,815632562.23,782576249.591,815632562.23,4,False,True
C,A,20220101,2022,52,2022,36,AUS,Australia,M,Import,288,GHA,Ghana,0,W00,World,H6,HS,True,90,"Optical, photographic, cinematographic, measuring, checking, medical or surgical instruments and apparatus; parts and accessories",2,False,C00,TOTAL CPC,0,0,TOTAL MOT,-1,N/A,0.0,False,-1,N/A,0.0,False,0.0,True,0.0,False,167839.533,163296.631,167839.533,4,False,True
C,A,20220101,2022,52,2022,36,AUS,Australia,M,Import,300,GRC,Greece,0,W00,World,H6,HS,True,90,"Optical, photographic, cinematographic, measuring, checking, medical or surgical instruments and apparatus; parts and accessories",2,False,C00,TOTAL CPC,0,0,TOTAL MOT,-1,N/A,0.0,False,-1,N/A,0.0,False,0.0,True,0.0,False,886674.937,832704.22,886674.937,4,False,True
C,A,20220101,2022,52,2022,36,AUS,Australia,M,Import,308,GRD,Grenada,0,W00,World,H6,HS,True,90,"Optical, photographic, cinematographic, measuring, checking, medical or surgical instruments and apparatus; parts and accessories",2,False,C00,TOTAL CPC,0,0,TOTAL MOT,-1,N/A,0.0,False,-1,N/A,0.0,False,0.0,True,0.0,False,3789.62,3669.564,3789.62,4,False,True
C,A,20220101,2022,52,2022,36,AUS,Australia,M,Import,316,GUM,Guam,0,W00,World,H6,HS,True,90,"Optical, photographic, cinematographic, measuring, checking, medical or surgical instruments and apparatus; parts and accessories",2,False,C00,TOTAL CPC,0,0,TOTAL MOT,-1,N/A,0.0,False,-1,N/A,0.0,False,0.0,True,0.0,False,10681.279,9328.03,10681.279,4,False,True
C,A,20220101,2022,52,2022,36,AUS,Australia,M,Import,320,GTM,Guatemala,0,W00,World,H6,HS,True,90,"Optical, photographic, cinematographic, measuring, checking, medical or surgical instruments and apparatus; parts and accessories",2,False,C00,TOTAL CPC,0,0,TOTAL MOT,-1,N/A,0.0,False,-1,N/A,0.0,False,,False,0.0,False,4190.316,3924.089,4190.316,0,False,True
C,A,20220101,2022,52,2022,36,AUS,Australia,M,Import,324,GIN,Guinea,0,W00,World,H6,HS,True,90,"Optical, photographic, cinematographic, measuring, checking, medical or surgical instruments and apparatus; parts and accessories",2,False,C00,TOTAL CPC,0,0,TOTAL MOT,-1,N/A,0.0,False,-1,N/A,0.0,False,0.0,True,0.0,False,201657.846,196600.837,201657.846,4,False,True
C,A,20220101,2022,52,2022,36,AUS,Australia,M,Import,328,GUY,Guyana,0,W00,World,H6,HS,True,90,"Optical, photographic, cinematographic, measuring, checking, medical or surgical instruments and apparatus; parts and accessories",2,False,C00,TOTAL CPC,0,0,TOTAL MOT,-1,N/A,0.0,False,-1,N/A,0.0,False,0.0,True,0.0,False,4064.406,4012.002,4064.406,4,False,True
C,A,20220101,2022,52,2022,36,AUS,Australia,M,Import,344,HKG,"China, Hong Kong SAR",0,W00,World,H6,HS,True,90,"Optical, photographic, cinematographic, measuring, checking, medical or surgical instruments and apparatus; parts and accessories",2,False,C00,TOTAL CPC,0,0,TOTAL MOT,-1,N/A,0.0,False,-1,N/A,0.0,False,0.0,True,0.0,False,23691683.617,22651735.765,23691683.617,4,False,True
C,A,20220101,2022,52,2022,36,AUS,Australia,M,Import,348,HUN,Hungary,0,W00,World,H6,HS,True,90,"Optical, photographic, cinematographic, measuring, checking, medical or surgical instruments and apparatus; parts and accessories",2,False,C00,TOTAL CPC,0,0,TOTAL MOT,-1,N/A,0.0,False,-1,N/A,0.0,False,0.0,True,0.0,False,34601465.448,32603320.745,34601465.448,4,False,True
C,A,20220101,2022,52,2022,36,AUS,Australia,M,Import,352,ISL,Iceland,0,W00,World,H6,HS,True,90,"Optical, photographic, cinematographic, measuring, checking, medical or surgical instruments and apparatus; parts and accessories",2,False,C00,TOTAL CPC,0,0,TOTAL MOT,-1,N/A,0.0,False,-1,N/A,0.0,False,0.0,True,0.0,False,5386732.914,5262831.719,5386732.914,4,False,True
C,A,20220101,2022,52,2022,36,AUS,Australia,M,Import,360,IDN,Indonesia,0,W00,World,H6,HS,True,90,"Optical, photographic, cinematographic, measuring, checking, medical or surgical instruments and apparatus; parts and accessories",2,False,C00,TOTAL CPC,0,0,TOTAL MOT,-1,N/A,0.0,False,-1,N/A,0.0,False,0.0,True,0.0,False,46837159.269,45003646.119,46837159.269,4,False,True
C,A,20220101,2022,52,2022,36,AUS,Australia,M,Import,364,IRN,Iran,0,W00,World,H6,HS,True,90,"Optical, photographic, cinematographic, measuring, checking, medical or surgical instruments and apparatus; parts and accessories",2,False,C00,TOTAL CPC,0,0,TOTAL MOT,-1,N/A,0.0,False,-1,N/A,0.0,False,0.0,True,0.0,False,1355344.939,1163365.01,1355344.939,4,False,True
C,A,20220101,2022,52,2022,36,AUS,Australia,M,Import,372,IRL,Ireland,0,W00,World,H6,HS,True,90,"Optical, photographic, cinematographic, measuring, checking, medical or surgical instruments and apparatus; parts and accessories",2,False,C00,TOTAL CPC,0,0,TOTAL MOT,-1,N/A,0.0,False,-1,N/A,0.0,False,0.0,True,0.0,False,357713638.967,346574226.861,357713638.967,4,False,True
C,A,20220101,2022,52,2022,36,AUS,Australia,M,Import,376,ISR,Israel,0,W00,World,H6,HS,True,90,"Optical, photographic, cinematographic, measuring, checking, medical or surgical instruments and apparatus; parts and accessories",2,False,C00,TOTAL CPC,0,0,TOTAL MOT,-1,N/A,0.0,False,-1,N/A,0.0,False,0.0,True,0.0,False,67780928.782,64860276.892,67780928.782,4,False,True
C,A,20220101,2022,52,2022,36,AUS,Australia,M,Import,380,ITA,Italy,0,W00,World,H6,HS,True,90,"Optical, photographic, cinematographic, measuring, checking, medical or surgical instruments and apparatus; parts and accessories",2,False,C00,TOTAL CPC,0,0,TOTAL MOT,-1,N/A,0.0,False,-1,N/A,0.0,False,0.0,True,0.0,False,232666930.83,218605844.25,232666930.83,4,False,True
C,A,20220101,2022,52,2022,36,AUS,Australia,M,Import,384,CIV,Côte d'Ivoire,0,W00,World,H6,HS,True,90,"Optical, photographic, cinematographic, measuring, checking, medical or surgical instruments and apparatus; parts and accessories",2,False,C00,TOTAL CPC,0,0,TOTAL MOT,-1,N/A,0.0,False,-1,N/A,0.0,False,0.0,True,0.0,False,45371.924,44674.48,45371.924,4,False,True
C,A,20220101,2022,52,2022,36,AUS,Australia,M,Import,392,JPN,Japan,0,W00,World,H6,HS,True,90,"Optical, photographic, cinematographic, measuring, checking, medical or surgical instruments and apparatus; parts and accessories",2,False,C00,TOTAL CPC,0,0,TOTAL MOT,-1,N/A,0.0,False,-1,N/A,0.0,False,0.0,True,0.0,False,350870665.867,339310474.173,350870665.867,4,False,True
C,A,20220101,2022,52,2022,36,AUS,Australia,M,Import,398,KAZ,Kazakhstan,0,W00,World,H6,HS,True,90,"Optical, photographic, cinematographic, measuring, checking, medical or surgical instruments and apparatus; parts and accessories",2,False,C00,TOTAL CPC,0,0,TOTAL MOT,-1,N/A,0.0,False,-1,N/A,0.0,False,,False,0.0,False,5114.637,4922.789,5114.637,0,False,True
C,A,20220101,2022,52,2022,36,AUS,Australia,M,Import,400,JOR,Jordan,0,W00,World,H6,HS,True,90,"Optical, photographic, cinematographic, measuring, checking, medical or surgical instruments and apparatus; parts and accessories",2,False,C00,TOTAL CPC,0,0,TOTAL MOT,-1,N/A,0.0,False,-1,N/A,0.0,False,0.0,True,0.0,False,33930.614,29156.23,33930.614,4,False,True
C,A,20220101,2022,52,2022,36,AUS,Australia,M,Import,404,KEN,Kenya,0,W00,World,H6,HS,True,90,"Optical, photographic, cinematographic, measuring, checking, medical or surgical instruments and apparatus; parts and accessories",2,False,C00,TOTAL CPC,0,0,TOTAL MOT,-1,N/A,0.0,False,-1,N/A,0.0,False,0.0,True,0.0,False,11728.235,11477.151,11728.235,4,False,True
C,A,20220101,2022,52,2022,36,AUS,Australia,M,Import,410,KOR,Rep. of Korea,0,W00,World,H6,HS,True,90,"Optical, photographic, cinematographic, measuring, checking, medical or surgical instruments and apparatus; parts and accessories",2,False,C00,TOTAL CPC,0,0,TOTAL MOT,-1,N/A,0.0,False,-1,N/A,0.0,False,0.0,True,0.0,False,77473793.796,74100011.183,77473793.796,4,False,True
C,A,20220101,2022,52,2022,36,AUS,Australia,M,Import,414,KWT,Kuwait,0,W00,World,H6,HS,True,90,"Optical, photographic, cinematographic, measuring, checking, medical or surgical instruments and apparatus; parts and accessories",2,False,C00,TOTAL CPC,0,0,TOTAL MOT,-1,N/A,0.0,False,-1,N/A,0.0,False,0.0,True,0.0,False,6185.517,5566.261,6185.517,4,False,True
C,A,20220101,2022,52,2022,36,AUS,Australia,M,Import,418,LAO,Lao People's Dem. Rep.,0,W00,World,H6,HS,True,90,"Optical, photographic, cinematographic, measuring, checking, medical or surgical instruments and apparatus; parts and accessories",2,False,C00,TOTAL CPC,0,0,TOTAL MOT,-1,N/A,0.0,False,-1,N/A,0.0,False,0.0,True,0.0,False,15518.014,14479.853,15518.014,4,False,True
C,A,20220101,2022,52,2022,36,AUS,Australia,M,Import,422,LBN,Lebanon,0,W00,World,H6,HS,True,90,"Optical, photographic, cinematographic, measuring, checking, medical or surgical instruments and apparatus; parts and accessories",2,False,C00,TOTAL CPC,0,0,TOTAL MOT,-1,N/A,0.0,False,-1,N/A,0.0,False,0.0,True,0.0,False,5862.996,5475.164,5862.996,4,False,True
C,A,20220101,2022,52,2022,36,AUS,Australia,M,Import,428,LVA,Latvia,0,W00,World,H6,HS,True,90,"Optical, photographic, cinematographic, measuring, checking, medical or surgical instruments and apparatus; parts and accessories",2,False,C00,TOTAL CPC,0,0,TOTAL MOT,-1,N/A,0.0,False,-1,N/A,0.0,False,0.0,True,0.0,False,3493923.641,3354074.49,3493923.641,4,False,True
C,A,20220101,2022,52,2022,36,AUS,Australia,M,Import,430,LBR,Liberia,0,W00,World,H6,HS,True,90,"Optical, photographic, cinematographic, measuring, checking, medical or surgical instruments and apparatus; parts and accessories",2,False,C00,TOTAL CPC,0,0,TOTAL MOT,-1,N/A,0.0,False,-1,N/A,0.0,False,,False,0.0,False,825.553,734.075,825.553,0,False,True
C,A,20220101,2022,52,2022,36,AUS,Australia,M,Import,440,LTU,Lithuania,0,W00,World,H6,HS,True,90,"Optical, photographic, cinematographic, measuring, checking, medical or surgical instruments and apparatus; parts and accessories",2,False,C00,TOTAL CPC,0,0,TOTAL MOT,-1,N/A,0.0,False,-1,N/A,0.0,False,0.0,True,0.0,False,8942660.677,8517879.539,8942660.677,4,False,True
C,A,20220101,2022,52,2022,36,AUS,Australia,M,Import,442,LUX,Luxembourg,0,W00,World,H6,HS,True,90,"Optical, photographic, cinematographic, measuring, checking, medical or surgical instruments and apparatus; parts and accessories",2,False,C00,TOTAL CPC,0,0,TOTAL MOT,-1,N/A,0.0,False,-1,N/A,0.0,False,0.0,True,0.0,False,2653623.555,2590044.038,2653623.555,4,False,True
C,A,20220101,2022,52,2022,36,AUS,Australia,M,Import,446,MAC,"China, Macao SAR",0,W00,World,H6,HS,True,90,"Optical, photographic, cinematographic, measuring, checking, medical or surgical instruments and apparatus; parts and accessories",2,False,C00,TOTAL CPC,0,0,TOTAL MOT,-1,N/A,0.0,False,-1,N/A,0.0,False,,False,0.0,False,45338.705,43790.162,45338.705,0,False,True
C,A,20220101,2022,52,2022,36,AUS,Australia,M,Import,450,MDG,Madagascar,0,W00,World,H6,HS,True,90,"Optical, photographic, cinematographic, measuring, checking, medical or surgical instruments and apparatus; parts and accessories",2,False,C00,TOTAL CPC,0,0,TOTAL MOT,-1,N/A,0.0,False,-1,N/A,0.0,False,0.0,True,0.0,False,28014.39,23527.846,28014.39,4,False,True
C,A,20220101,2022,52,2022,36,AUS,Australia,M,Import,454,MWI,Malawi,0,W00,World,H6,HS,True,90,"Optical, photographic, cinematographic, measuring, checking, medical or surgical instruments and apparatus; parts and accessories",2,False,C00,TOTAL CPC,0,0,TOTAL MOT,-1,N/A,0.0,False,-1,N/A,0.0,False,,False,0.0,False,5952.89,5513.752,5952.89,0,False,True
C,A,20220101,2022,52,2022,36,AUS,Australia,M,Import,458,MYS,Malaysia,0,W00,World,H6,HS,True,90,"Optical, photographic, cinematographic, measuring, checking, medical or surgical instruments and apparatus; parts and accessories",2,False,C00,TOTAL CPC,0,0,TOTAL MOT,-1,N/A,0.0,False,-1,N/A,0.0,False,0.0,True,0.0,False,311258222.813,296014343.282,311258222.813,4,False,True
C,A,20220101,2022,52,2022,36,AUS,Australia,M,Import,466,MLI,Mali,0,W00,World,H6,HS,True,90,"Optical, photographic, cinematographic, measuring, checking, medical or surgical instruments and apparatus; parts and accessories",2,False,C00,TOTAL CPC,0,0,TOTAL MOT,-1,N/A,0.0,False,-1,N/A,0.0,False,,False,0.0,False,41931.102,40815.857,41931.102,0,False,True
C,A,20220101,2022,52,2022,36,AUS,Australia,M,Import,470,MLT,Malta,0,W00,World,H6,HS,True,90,"Optical, photographic, cinematographic, measuring, checking, medical or surgical instruments and apparatus; parts and accessories",2,False,C00,TOTAL CPC,0,0,TOTAL MOT,-1,N/A,0.0,False,-1,N/A,0.0,False,0.0,True,0.0,False,8769852.525,8179494.191,8769852.525,4,False,True
C,A,20220101,2022,52,2022,36,AUS,Australia,M,Import,480,MUS,Mauritius,0,W00,World,H6,HS,True,90,"Optical, photographic, cinematographic, measuring, checking, medical or surgical instruments and apparatus; parts and accessories",2,False,C00,TOTAL CPC,0,0,TOTAL MOT,-1,N/A,0.0,False,-1,N/A,0.0,False,0.0,True,0.0,False,302223.75,295162.953,302223.75,4,False,True
C,A,20220101,2022,52,2022,36,AUS,Australia,M,Import,484,MEX,Mexico,0,W00,World,H6,HS,True,90,"Optical, photographic, cinematographic, measuring, checking, medical or surgical instruments and apparatus; parts and accessories",2,False,C00,TOTAL CPC,0,0,TOTAL MOT,-1,N/A,0.0,False,-1,N/A,0.0,False,0.0,True,0.0,False,356632139.895,332714997.374,356632139.895,4,False,True
C,A,20220101,2022,52,2022,36,AUS,Australia,M,Import,490,S19,"Other Asia, nes",0,W00,World,H6,HS,True,90,"Optical, photographic, cinematographic, measuring, checking, medical or surgical instruments and apparatus; parts and accessories",2,False,C00,TOTAL CPC,0,0,TOTAL MOT,-1,N/A,0.0,False,-1,N/A,0.0,False,,False,0.0,False,127794133.737,120189669.41,127794133.737,0,False,True
C,A,20220101,2022,52,2022,36,AUS,Australia,M,Import,496,MNG,Mongolia,0,W00,World,H6,HS,True,90,"Optical, photographic, cinematographic, measuring, checking, medical or surgical instruments and apparatus; parts and accessories",2,False,C00,TOTAL CPC,0,0,TOTAL MOT,-1,N/A,0.0,False,-1,N/A,0.0,False,0.0,True,0.0,False,17791.734,17413.983,17791.734,4,False,True
C,A,20220101,2022,52,2022,36,AUS,Australia,M,Import,498,MDA,Rep. of Moldova,0,W00,World,H6,HS,True,90,"Optical, photographic, cinematographic, measuring, checking, medical or surgical instruments and apparatus; parts and accessories",2,False,C00,TOTAL CPC,0,0,TOTAL MOT,-1,N/A,0.0,False,-1,N/A,0.0,False,,False,0.0,False,76891.63,74074.532,76891.63,0,False,True
C,A,20220101,2022,52,2022,36,AUS,Australia,M,Import,499,MNE,Montenegro,0,W00,World,H6,HS,True,90,"Optical, photographic, cinematographic, measuring, checking, medical or surgical instruments and apparatus; parts and accessories",2,False,C00,TOTAL CPC,0,0,TOTAL MOT,-1,N/A,0.0,False,-1,N/A,0.0,False,0.0,True,0.0,False,3287.138,3225.452,3287.138,4,False,True
C,A,20220101,2022,52,2022,36,AUS,Australia,M,Import,504,MAR,Morocco,0,W00,World,H6,HS,True,90,"Optical, photographic, cinematographic, measuring, checking, medical or surgical instruments and apparatus; parts and accessories",2,False,C00,TOTAL CPC,0,0,TOTAL MOT,-1,N/A,0.0,False,-1,N/A,0.0,False,0.0,True,0.0,False,46907.203,44491.865,46907.203,4,False,True
C,A,20220101,2022,52,2022,36,AUS,Australia,M,Import,508,MOZ,Mozambique,0,W00,World,H6,HS,True,90,"Optical, photographic, cinematographic, measuring, checking, medical or surgical instruments and apparatus; parts and accessories",2,False,C00,TOTAL CPC,0,0,TOTAL MOT,-1,N/A,0.0,False,-1,N/A,0.0,False,,False,0.0,False,9322.467,7756.174,9322.467,0,False,True
C,A,20220101,2022,52,2022,36,AUS,Australia,M,Import,512,OMN,Oman,0,W00,World,H6,HS,True,90,"Optical, photographic, cinematographic, measuring, checking, medical or surgical instruments and apparatus; parts and accessories",2,False,C00,TOTAL CPC,0,0,TOTAL MOT,-1,N/A,0.0,False,-1,N/A,0.0,False,,False,0.0,False,16743.979,16277.845,16743.979,0,False,True
C,A,20220101,2022,52,2022,36,AUS,Australia,M,Import,516,NAM,Namibia,0,W00,World,H6,HS,True,90,"Optical, photographic, cinematographic, measuring, checking, medical or surgical instruments and apparatus; parts and accessories",2,False,C00,TOTAL CPC,0,0,TOTAL MOT,-1,N/A,0.0,False,-1,N/A,0.0,False,0.0,True,0.0,False,14114.498,13872.854,14114.498,4,False,True
C,A,20220101,2022,52,2022,36,AUS,Australia,M,Import,520,NRU,Nauru,0,W00,World,H6,HS,True,90,"Optical, photographic, cinematographic, measuring, checking, medical or surgical instruments and apparatus; parts and accessories",2,False,C00,TOTAL CPC,0,0,TOTAL MOT,-1,N/A,0.0,False,-1,N/A,0.0,False,0.0,True,0.0,False,20845.274,20369.941,20845.274,4,False,True
C,A,20220101,2022,52,2022,36,AUS,Australia,M,Import,524,NPL,Nepal,0,W00,World,H6,HS,True,90,"Optical, photographic, cinematographic, measuring, checking, medical or surgical instruments and apparatus; parts and accessories",2,False,C00,TOTAL CPC,0,0,TOTAL MOT,-1,N/A,0.0,False,-1,N/A,0.0,False,0.0,True,0.0,False,7355.116,7151.456,7355.116,4,False,True
C,A,20220101,2022,52,2022,36,AUS,Australia,M,Import,528,NLD,Netherlands,0,W00,World,H6,HS,True,90,"Optical, photographic, cinematographic, measuring, checking, medical or surgical instruments and apparatus; parts and accessories",2,False,C00,TOTAL CPC,0,0,TOTAL MOT,-1,N/A,0.0,False,-1,N/A,0.0,False,,False,0.0,False,99619076.534,94488924.19,99619076.534,0,False,True
C,A,20220101,2022,52,2022,36,AUS,Australia,M,Import,531,CUW,Curaçao,0,W00,World,H6,HS,True,90,"Optical, photographic, cinematographic, measuring, checking, medical or surgical instruments and apparatus; parts and accessories",2,False,C00,TOTAL CPC,0,0,TOTAL MOT,-1,N/A,0.0,False,-1,N/A,0.0,False,0.0,True,0.0,False,47465.178,46119.511,47465.178,4,False,True
C,A,20220101,2022,52,2022,36,AUS,Australia,M,Import,540,NCL,New Caledonia,0,W00,World,H6,HS,True,90,"Optical, photographic, cinematographic, measuring, checking, medical or surgical instruments and apparatus; parts and accessories",2,False,C00,TOTAL CPC,0,0,TOTAL MOT,-1,N/A,0.0,False,-1,N/A,0.0,False,0.0,True,0.0,False,294366.818,281015.23,294366.818,4,False,True
C,A,20220101,2022,52,2022,36,AUS,Australia,M,Import,548,VUT,Vanuatu,0,W00,World,H6,HS,True,90,"Optical, photographic, cinematographic, measuring, checking, medical or surgical instruments and apparatus; parts and accessories",2,False,C00,TOTAL CPC,0,0,TOTAL MOT,-1,N/A,0.0,False,-1,N/A,0.0,False,0.0,True,0.0,False,146047.999,143886.394,146047.999,4,False,True
C,A,20220101,2022,52,2022,36,AUS,Australia,M,Import,554,NZL,New Zealand,0,W00,World,H6,HS,True,90,"Optical, photographic, cinematographic, measuring, checking, medical or surgical instruments and apparatus; parts and accessories",2,False,C00,TOTAL CPC,0,0,TOTAL MOT,-1,N/A,0.0,False,-1,N/A,0.0,False,0.0,True,0.0,False,71297017.533,69553532.761,71297017.533,4,False,True
C,A,20220101,2022,52,2022,36,AUS,Australia,M,Import,558,NIC,Nicaragua,0,W00,World,H6,HS,True,90,"Optical, photographic, cinematographic, measuring, checking, medical or surgical instruments and apparatus; parts and accessories",2,False,C00,TOTAL CPC,0,0,TOTAL MOT,-1,N/A,0.0,False,-1,N/A,0.0,False,,False,0.0,False,340474.241,316437.488,340474.241,0,False,True
C,A,20220101,2022,52,2022,36,AUS,Australia,M,Import,562,NER,Niger,0,W00,World,H6,HS,True,90,"Optical, photographic, cinematographic, measuring, checking, medical or surgical instruments and apparatus; parts and accessories",2,False,C00,TOTAL CPC,0,0,TOTAL MOT,-1,N/A,0.0,False,-1,N/A,0.0,False,0.0,True,0.0,False,22488.027,21713.742,22488.027,4,False,True
C,A,20220101,2022,52,2022,36,AUS,Australia,M,Import,566,NGA,Nigeria,0,W00,World,H6,HS,True,90,"Optical, photographic, cinematographic, measuring, checking, medical or surgical instruments and apparatus; parts and accessories",2,False,C00,TOTAL CPC,0,0,TOTAL MOT,-1,N/A,0.0,False,-1,N/A,0.0,False,0.0,True,0.0,False,4835.849,4497.815,4835.849,4,False,True
C,A,20220101,2022,52,2022,36,AUS,Australia,M,Import,570,NIU,Niue,0,W00,World,H6,HS,True,90,"Optical, photographic, cinematographic, measuring, checking, medical or surgical instruments and apparatus; parts and accessories",2,False,C00,TOTAL CPC,0,0,TOTAL MOT,-1,N/A,0.0,False,-1,N/A,0.0,False,0.0,True,0.0,False,9620.345,8809.262,9620.345,4,False,True
C,A,20220101,2022,52,2022,36,AUS,Australia,M,Import,579,NOR,Norway,0,W00,World,H6,HS,True,90,"Optical, photographic, cinematographic, measuring, checking, medical or surgical instruments and apparatus; parts and accessories",2,False,C00,TOTAL CPC,0,0,TOTAL MOT,-1,N/A,0.0,False,-1,N/A,0.0,False,0.0,True,0.0,False,24983069.251,24372626.699,24983069.251,4,False,True
C,A,20220101,2022,52,2022,36,AUS,Australia,M,Import,583,FSM,FS Micronesia,0,W00,World,H6,HS,True,90,"Optical, photographic, cinematographic, measuring, checking, medical or surgical instruments and apparatus; parts and accessories",2,False,C00,TOTAL CPC,0,0,TOTAL MOT,-1,N/A,0.0,False,-1,N/A,0.0,False,0.0,True,0.0,False,957.178,942.203,957.178,4,False,True
C,A,20220101,2022,52,2022,36,AUS,Australia,M,Import,586,PAK,Pakistan,0,W00,World,H6,HS,True,90,"Optical, photographic, cinematographic, measuring, checking, medical or surgical instruments and apparatus; parts and accessories",2,False,C00,TOTAL CPC,0,0,TOTAL MOT,-1,N/A,0.0,False,-1,N/A,0.0,False,0.0,True,0.0,False,7160456.649,6674373.416,7160456.649,4,False,True
C,A,20220101,2022,52,2022,36,AUS,Australia,M,Import,591,PAN,Panama,0,W00,World,H6,HS,True,90,"Optical, photographic, cinematographic, measuring, checking, medical or surgical instruments and apparatus; parts and accessories",2,False,C00,TOTAL CPC,0,0,TOTAL MOT,-1,N/A,0.0,False,-1,N/A,0.0,False,,False,0.0,False,23847.31,22468.779,23847.31,0,False,True
C,A,20220101,2022,52,2022,36,AUS,Australia,M,Import,598,PNG,Papua New Guinea,0,W00,World,H6,HS,True,90,"Optical, photographic, cinematographic, measuring, checking, medical or surgical instruments and apparatus; parts and accessories",2,False,C00,TOTAL CPC,0,0,TOTAL MOT,-1,N/A,0.0,False,-1,N/A,0.0,False,0.0,True,0.0,False,1026385.751,997124.636,1026385.751,4,False,True
C,A,20220101,2022,52,2022,36,AUS,Australia,M,Import,600,PRY,Paraguay,0,W00,World,H6,HS,True,90,"Optical, photographic, cinematographic, measuring, checking, medical or surgical instruments and apparatus; parts and accessories",2,False,C00,TOTAL CPC,0,0,TOTAL MOT,-1,N/A,0.0,False,-1,N/A,0.0,False,,False,0.0,False,6139.431,5933.01,6139.431,0,False,True
C,A,20220101,2022,52,2022,36,AUS,Australia,M,Import,604,PER,Peru,0,W00,World,H6,HS,True,90,"Optical, photographic, cinematographic, measuring, checking, medical or surgical instruments and apparatus; parts and accessories",2,False,C00,TOTAL CPC,0,0,TOTAL MOT,-1,N/A,0.0,False,-1,N/A,0.0,False,0.0,True,0.0,False,289459.865,286311.747,289459.865,4,False,True
C,A,20220101,2022,52,2022,36,AUS,Australia,M,Import,608,PHL,Philippines,0,W00,World,H6,HS,True,90,"Optical, photographic, cinematographic, measuring, checking, medical or surgical instruments and apparatus; parts and accessories",2,False,C00,TOTAL CPC,0,0,TOTAL MOT,-1,N/A,0.0,False,-1,N/A,0.0,False,0.0,True,0.0,False,26635626.097,25105855.893,26635626.097,4,False,True
C,A,20220101,2022,52,2022,36,AUS,Australia,M,Import,616,POL,Poland,0,W00,World,H6,HS,True,90,"Optical, photographic, cinematographic, measuring, checking, medical or surgical instruments and apparatus; parts and accessories",2,False,C00,TOTAL CPC,0,0,TOTAL MOT,-1,N/A,0.0,False,-1,N/A,0.0,False,0.0,True,0.0,False,44749893.924,41783425.633,44749893.924,4,False,True
C,A,20220101,2022,52,2022,36,AUS,Australia,M,Import,620,PRT,Portugal,0,W00,World,H6,HS,True,90,"Optical, photographic, cinematographic, measuring, checking, medical or surgical instruments and apparatus; parts and accessories",2,False,C00,TOTAL CPC,0,0,TOTAL MOT,-1,N/A,0.0,False,-1,N/A,0.0,False,0.0,True,0.0,False,6362890.455,5977566.359,6362890.455,4,False,True
C,A,20220101,2022,52,2022,36,AUS,Australia,M,Import,626,TLS,Timor-Leste,0,W00,World,H6,HS,True,90,"Optical, photographic, cinematographic, measuring, checking, medical or surgical instruments and apparatus; parts and accessories",2,False,C00,TOTAL CPC,0,0,TOTAL MOT,-1,N/A,0.0,False,-1,N/A,0.0,False,,False,0.0,False,21913.331,21288.435,21913.331,0,False,True
C,A,20220101,2022,52,2022,36,AUS,Australia,M,Import,634,QAT,Qatar,0,W00,World,H6,HS,True,90,"Optical, photographic, cinematographic, measuring, checking, medical or surgical instruments and apparatus; parts and accessories",2,False,C00,TOTAL CPC,0,0,TOTAL MOT,-1,N/A,0.0,False,-1,N/A,0.0,False,0.0,True,0.0,False,23263.395,19185.31,23263.395,4,False,True
C,A,20220101,2022,52,2022,36,AUS,Australia,M,Import,642,ROU,Romania,0,W00,World,H6,HS,True,90,"Optical, photographic, cinematographic, measuring, checking, medical or surgical instruments and apparatus; parts and accessories",2,False,C00,TOTAL CPC,0,0,TOTAL MOT,-1,N/A,0.0,False,-1,N/A,0.0,False,0.0,True,0.0,False,14402944.881,13511268.513,14402944.881,4,False,True
C,A,20220101,2022,52,2022,36,AUS,Australia,M,Import,643,RUS,Russian Federation,0,W00,World,H6,HS,True,90,"Optical, photographic, cinematographic, measuring, checking, medical or surgical instruments and apparatus; parts and accessories",2,False,C00,TOTAL CPC,0,0,TOTAL MOT,-1,N/A,0.0,False,-1,N/A,0.0,False,0.0,True,0.0,False,1174926.23,1073081.09,1174926.23,4,False,True
C,A,20220101,2022,52,2022,36,AUS,Australia,M,Import,654,SHN,Saint Helena,0,W00,World,H6,HS,True,90,"Optical, photographic, cinematographic, measuring, checking, medical or surgical instruments and apparatus; parts and accessories",2,False,C00,TOTAL CPC,0,0,TOTAL MOT,-1,N/A,0.0,False,-1,N/A,0.0,False,0.0,True,0.0,False,3685.754,3608.711,3685.754,4,False,True
C,A,20220101,2022,52,2022,36,AUS,Australia,M,Import,659,KNA,Saint Kitts and Nevis,0,W00,World,H6,HS,True,90,"Optical, photographic, cinematographic, measuring, checking, medical or surgical instruments and apparatus; parts and accessories",2,False,C00,TOTAL CPC,0,0,TOTAL MOT,-1,N/A,0.0,False,-1,N/A,0.0,False,,False,0.0,False,10539.505,10378.601,10539.505,0,False,True
C,A,20220101,2022,52,2022,36,AUS,Australia,M,Import,670,VCT,Saint Vincent and the Grenadines,0,W00,World,H6,HS,True,90,"Optical, photographic, cinematographic, measuring, checking, medical or surgical instruments and apparatus; parts and accessories",2,False,C00,TOTAL CPC,0,0,TOTAL MOT,-1,N/A,0.0,False,-1,N/A,0.0,False,0.0,True,0.0,False,1911.561,1517.732,1911.561,4,False,True
C,A,20220101,2022,52,2022,36,AUS,Australia,M,Import,682,SAU,Saudi Arabia,0,W00,World,H6,HS,True,90,"Optical, photographic, cinematographic, measuring, checking, medical or surgical instruments and apparatus; parts and accessories",2,False,C00,TOTAL CPC,0,0,TOTAL MOT,-1,N/A,0.0,False,-1,N/A,0.0,False,0.0,True,0.0,False,76092.409,72024.36,76092.409,4,False,True
C,A,20220101,2022,52,2022,36,AUS,Australia,M,Import,686,SEN,Senegal,0,W00,World,H6,HS,True,90,"Optical, photographic, cinematographic, measuring, checking, medical or surgical instruments and apparatus; parts and accessories",2,False,C00,TOTAL CPC,0,0,TOTAL MOT,-1,N/A,0.0,False,-1,N/A,0.0,False,,False,0.0,False,21034.978,19421.905,21034.978,0,False,True
C,A,20220101,2022,52,2022,36,AUS,Australia,M,Import,688,SRB,Serbia,0,W00,World,H6,HS,True,90,"Optical, photographic, cinematographic, measuring, checking, medical or surgical instruments and apparatus; parts and accessories",2,False,C00,TOTAL CPC,0,0,TOTAL MOT,-1,N/A,0.0,False,-1,N/A,0.0,False,0.0,True,0.0,False,4767615.106,4475089.944,4767615.106,4,False,True
C,A,20220101,2022,52,2022,36,AUS,Australia,M,Import,690,SYC,Seychelles,0,W00,World,H6,HS,True,90,"Optical, photographic, cinematographic, measuring, checking, medical or surgical instruments and apparatus; parts and accessories",2,False,C00,TOTAL CPC,0,0,TOTAL MOT,-1,N/A,0.0,False,-1,N/A,0.0,False,,False,0.0,False,334310.218,318951.062,334310.218,0,False,True
C,A,20220101,2022,52,2022,36,AUS,Australia,M,Import,694,SLE,Sierra Leone,0,W00,World,H6,HS,True,90,"Optical, photographic, cinematographic, measuring, checking, medical or surgical instruments and apparatus; parts and accessories",2,False,C00,TOTAL CPC,0,0,TOTAL MOT,-1,N/A,0.0,False,-1,N/A,0.0,False,0.0,True,0.0,False,77975.315,73062.188,77975.315,4,False,True
C,A,20220101,2022,52,2022,36,AUS,Australia,M,Import,699,IND,India,0,W00,World,H6,HS,True,90,"Optical, photographic, cinematographic, measuring, checking, medical or surgical instruments and apparatus; parts and accessories",2,False,C00,TOTAL CPC,0,0,TOTAL MOT,-1,N/A,0.0,False,-1,N/A,0.0,False,0.0,True,0.0,False,55666785.832,51939224.774,55666785.832,4,False,True
C,A,20220101,2022,52,2022,36,AUS,Australia,M,Import,702,SGP,Singapore,0,W00,World,H6,HS,True,90,"Optical, photographic, cinematographic, measuring, checking, medical or surgical instruments and apparatus; parts and accessories",2,False,C00,TOTAL CPC,0,0,TOTAL MOT,-1,N/A,0.0,False,-1,N/A,0.0,False,0.0,True,0.0,False,248676015.76,240565820.374,248676015.76,4,False,True
C,A,20220101,2022,52,2022,36,AUS,Australia,M,Import,703,SVK,Slovakia,0,W00,World,H6,HS,True,90,"Optical, photographic, cinematographic, measuring, checking, medical or surgical instruments and apparatus; parts and accessories",2,False,C00,TOTAL CPC,0,0,TOTAL MOT,-1,N/A,0.0,False,-1,N/A,0.0,False,0.0,True,0.0,False,7545317.602,6818710.019,7545317.602,4,False,True
C,A,20220101,2022,52,2022,36,AUS,Australia,M,Import,704,VNM,Viet Nam,0,W00,World,H6,HS,True,90,"Optical, photographic, cinematographic, measuring, checking, medical or surgical instruments and apparatus; parts and accessories",2,False,C00,TOTAL CPC,0,0,TOTAL MOT,-1,N/A,0.0,False,-1,N/A,0.0,False,0.0,True,0.0,False,70089260.104,67622909.009,70089260.104,4,False,True
C,A,20220101,2022,52,2022,36,AUS,Australia,M,Import,705,SVN,Slovenia,0,W00,World,H6,HS,True,90,"Optical, photographic, cinematographic, measuring, checking, medical or surgical instruments and apparatus; parts and accessories",2,False,C00,TOTAL CPC,0,0,TOTAL MOT,-1,N/A,0.0,False,-1,N/A,0.0,False,0.0,True,0.0,False,7030299.258,6646592.465,7030299.258,4,False,True
C,A,20220101,2022,52,2022,36,AUS,Australia,M,Import,706,SOM,Somalia,0,W00,World,H6,HS,True,90,"Optical, photographic, cinematographic, measuring, checking, medical or surgical instruments and apparatus; parts and accessories",2,False,C00,TOTAL CPC,0,0,TOTAL MOT,-1,N/A,0.0,False,-1,N/A,0.0,False,0.0,True,0.0,False,95522.491,81572.476,95522.491,4,False,True
C,A,20220101,2022,52,2022,36,AUS,Australia,M,Import,710,ZAF,South Africa,0,W00,World,H6,HS,True,90,"Optical, photographic, cinematographic, measuring, checking, medical or surgical instruments and apparatus; parts and accessories",2,False,C00,TOTAL CPC,0,0,TOTAL MOT,-1,N/A,0.0,False,-1,N/A,0.0,False,0.0,True,0.0,False,10445822.752,9987298.047,10445822.752,4,False,True
C,A,20220101,2022,52,2022,36,AUS,Australia,M,Import,716,ZWE,Zimbabwe,0,W00,World,H6,HS,True,90,"Optical, photographic, cinematographic, measuring, checking, medical or surgical instruments and apparatus; parts and accessories",2,False,C00,TOTAL CPC,0,0,TOTAL MOT,-1,N/A,0.0,False,-1,N/A,0.0,False,0.0,True,0.0,False,2150.854,2108.806,2150.854,4,False,True
C,A,20220101,2022,52,2022,36,AUS,Australia,M,Import,724,ESP,Spain,0,W00,World,H6,HS,True,90,"Optical, photographic, cinematographic, measuring, checking, medical or surgical instruments and apparatus; parts and accessories",2,False,C00,TOTAL CPC,0,0,TOTAL MOT,-1,N/A,0.0,False,-1,N/A,0.0,False,0.0,True,0.0,False,29429455.838,27670198.014,29429455.838,4,False,True
C,A,20220101,2022,52,2022,36,AUS,Australia,M,Import,729,SDN,Sudan,0,W00,World,H6,HS,True,90,"Optical, photographic, cinematographic, measuring, checking, medical or surgical instruments and apparatus; parts and accessories",2,False,C00,TOTAL CPC,0,0,TOTAL MOT,-1,N/A,0.0,False,-1,N/A,0.0,False,0.0,True,0.0,False,7651.794,7440.622,7651.794,4,False,True
C,A,20220101,2022,52,2022,36,AUS,Australia,M,Import,748,SWZ,Eswatini,0,W00,World,H6,HS,True,90,"Optical, photographic, cinematographic, measuring, checking, medical or surgical instruments and apparatus; parts and accessories",2,False,C00,TOTAL CPC,0,0,TOTAL MOT,-1,N/A,0.0,False,-1,N/A,0.0,False,0.0,True,0.0,False,133422.794,130675.733,133422.794,4,False,True
C,A,20220101,2022,52,2022,36,AUS,Australia,M,Import,752,SWE,Sweden,0,W00,World,H6,HS,True,90,"Optical, photographic, cinematographic, measuring, checking, medical or surgical instruments and apparatus; parts and accessories",2,False,C00,TOTAL CPC,0,0,TOTAL MOT,-1,N/A,0.0,False,-1,N/A,0.0,False,0.0,True,0.0,False,79149471.341,76383004.868,79149471.341,4,False,True
C,A,20220101,2022,52,2022,36,AUS,Australia,M,Import,757,CHE,Switzerland,0,W00,World,H6,HS,True,90,"Optical, photographic, cinematographic, measuring, checking, medical or surgical instruments and apparatus; parts and accessories",2,False,C00,TOTAL CPC,0,0,TOTAL MOT,-1,N/A,0.0,False,-1,N/A,0.0,False,0.0,True,0.0,False,371208565.234,364611184.158,371208565.234,4,False,True
C,A,20220101,2022,52,2022,36,AUS,Australia,M,Import,764,THA,Thailand,0,W00,World,H6,HS,True,90,"Optical, photographic, cinematographic, measuring, checking, medical or surgical instruments and apparatus; parts and accessories",2,False,C00,TOTAL CPC,0,0,TOTAL MOT,-1,N/A,0.0,False,-1,N/A,0.0,False,0.0,True,0.0,False,180733448.279,174019650.726,180733448.279,4,False,True
C,A,20220101,2022,52,2022,36,AUS,Australia,M,Import,780,TTO,Trinidad and Tobago,0,W00,World,H6,HS,True,90,"Optical, photographic, cinematographic, measuring, checking, medical or surgical instruments and apparatus; parts and accessories",2,False,C00,TOTAL CPC,0,0,TOTAL MOT,-1,N/A,0.0,False,-1,N/A,0.0,False,,False,0.0,False,7895.02,6391.307,7895.02,0,False,True
C,A,20220101,2022,52,2022,36,AUS,Australia,M,Import,784,ARE,United Arab Emirates,0,W00,World,H6,HS,True,90,"Optical, photographic, cinematographic, measuring, checking, medical or surgical instruments and apparatus; parts and accessories",2,False,C00,TOTAL CPC,0,0,TOTAL MOT,-1,N/A,0.0,False,-1,N/A,0.0,False,0.0,True,0.0,False,1055935.814,961725.393,1055935.814,4,False,True
C,A,20220101,2022,52,2022,36,AUS,Australia,M,Import,788,TUN,Tunisia,0,W00,World,H6,HS,True,90,"Optical, photographic, cinematographic, measuring, checking, medical or surgical instruments and apparatus; parts and accessories",2,False,C00,TOTAL CPC,0,0,TOTAL MOT,-1,N/A,0.0,False,-1,N/A,0.0,False,0.0,True,0.0,False,1542070.114,1398328.394,1542070.114,4,False,True
C,A,20220101,2022,52,2022,36,AUS,Australia,M,Import,792,TUR,Türkiye,0,W00,World,H6,HS,True,90,"Optical, photographic, cinematographic, measuring, checking, medical or surgical instruments and apparatus; parts and accessories",2,False,C00,TOTAL CPC,0,0,TOTAL MOT,-1,N/A,0.0,False,-1,N/A,0.0,False,0.0,True,0.0,False,6843626.683,6250815.76,6843626.683,4,False,True
C,A,20220101,2022,52,2022,36,AUS,Australia,M,Import,800,UGA,Uganda,0,W00,World,H6,HS,True,90,"Optical, photographic, cinematographic, measuring, checking, medical or surgical instruments and apparatus; parts and accessories",2,False,C00,TOTAL CPC,0,0,TOTAL MOT,-1,N/A,0.0,False,-1,N/A,0.0,False,0.0,True,0.0,False,3838.521,3518.281,3838.521,4,False,True
C,A,20220101,2022,52,2022,36,AUS,Australia,M,Import,804,UKR,Ukraine,0,W00,World,H6,HS,True,90,"Optical, photographic, cinematographic, measuring, checking, medical or surgical instruments and apparatus; parts and accessories",2,False,C00,TOTAL CPC,0,0,TOTAL MOT,-1,N/A,0.0,False,-1,N/A,0.0,False,0.0,True,0.0,False,879526.653,840286.858,879526.653,4,False,True
C,A,20220101,2022,52,2022,36,AUS,Australia,M,Import,807,MKD,North Macedonia,0,W00,World,H6,HS,True,90,"Optical, photographic, cinematographic, measuring, checking, medical or surgical instruments and apparatus; parts and accessories",2,False,C00,TOTAL CPC,0,0,TOTAL MOT,-1,N/A,0.0,False,-1,N/A,0.0,False,0.0,True,0.0,False,156580.693,139065.903,156580.693,4,False,True
C,A,20220101,2022,52,2022,36,AUS,Australia,M,Import,818,EGY,Egypt,0,W00,World,H6,HS,True,90,"Optical, photographic, cinematographic, measuring, checking, medical or surgical instruments and apparatus; parts and accessories",2,False,C00,TOTAL CPC,0,0,TOTAL MOT,-1,N/A,0.0,False,-1,N/A,0.0,False,,False,0.0,False,248300.329,241676.798,248300.329,0,False,True
C,A,20220101,2022,52,2022,36,AUS,Australia,M,Import,826,GBR,United Kingdom,0,W00,World,H6,HS,True,90,"Optical, photographic, cinematographic, measuring, checking, medical or surgical instruments and apparatus; parts and accessories",2,False,C00,TOTAL CPC,0,0,TOTAL MOT,-1,N/A,0.0,False,-1,N/A,0.0,False,0.0,True,0.0,False,359463091.82,344922141.91,359463091.82,4,False,True
C,A,20220101,2022,52,2022,36,AUS,Australia,M,Import,834,TZA,United Rep. of Tanzania,0,W00,World,H6,HS,True,90,"Optical, photographic, cinematographic, measuring, checking, medical or surgical instruments and apparatus; parts and accessories",2,False,C00,TOTAL CPC,0,0,TOTAL MOT,-1,N/A,0.0,False,-1,N/A,0.0,False,0.0,True,0.0,False,19040.089,18322.689,19040.089,4,False,True
C,A,20220101,2022,52,2022,36,AUS,Australia,M,Import,842,USA,USA,0,W00,World,H6,HS,True,90,"Optical, photographic, cinematographic, measuring, checking, medical or surgical instruments and apparatus; parts and accessories",2,False,C00,TOTAL CPC,0,0,TOTAL MOT,-1,N/A,0.0,False,-1,N/A,0.0,False,0.0,True,0.0,False,2810608280.464,2701005083.959,2810608280.464,4,False,True
C,A,20220101,2022,52,2022,36,AUS,Australia,M,Import,854,BFA,Burkina Faso,0,W00,World,H6,HS,True,90,"Optical, photographic, cinematographic, measuring, checking, medical or surgical instruments and apparatus; parts and accessories",2,False,C00,TOTAL CPC,0,0,TOTAL MOT,-1,N/A,0.0,False,-1,N/A,0.0,False,0.0,True,0.0,False,169280.243,166093.947,169280.243,4,False,True
C,A,20220101,2022,52,2022,36,AUS,Australia,M,Import,858,URY,Uruguay,0,W00,World,H6,HS,True,90,"Optical, photographic, cinematographic, measuring, checking, medical or surgical instruments and apparatus; parts and accessories",2,False,C00,TOTAL CPC,0,0,TOTAL MOT,-1,N/A,0.0,False,-1,N/A,0.0,False,0.0,True,0.0,False,3062118.774,3034887.694,3062118.774,4,False,True
C,A,20220101,2022,52,2022,36,AUS,Australia,M,Import,862,VEN,Venezuela,0,W00,World,H6,HS,True,90,"Optical, photographic, cinematographic, measuring, checking, medical or surgical instruments and apparatus; parts and accessories",2,False,C00,TOTAL CPC,0,0,TOTAL MOT,-1,N/A,0.0,False,-1,N/A,0.0,False,,False,0.0,False,7579.857,7510.763,7579.857,0,False,True
C,A,20220101,2022,52,2022,36,AUS,Australia,M,Import,882,WSM,Samoa,0,W00,World,H6,HS,True,90,"Optical, photographic, cinematographic, measuring, checking, medical or surgical instruments and apparatus; parts and accessories",2,False,C00,TOTAL CPC,0,0,TOTAL MOT,-1,N/A,0.0,False,-1,N/A,0.0,False,0.0,True,0.0,False,6519.45,6372.287,6519.45,4,False,True
C,A,20220101,2022,52,2022,36,AUS,Australia,M,Import,894,ZMB,Zambia,0,W00,World,H6,HS,True,90,"Optical, photographic, cinematographic, measuring, checking, medical or surgical instruments and apparatus; parts and accessories",2,False,C00,TOTAL CPC,0,0,TOTAL MOT,-1,N/A,0.0,False,-1,N/A,0.0,False,0.0,True,0.0,False,37274.103,36464.574,37274.103,4,False,True
C,A,20220101,2022,52,2022,36,AUS,Australia,M,Import,899,_X ,"Areas, nes",0,W00,World,H6,HS,True,90,"Optical, photographic, cinematographic, measuring, checking, medical or surgical instruments and apparatus; parts and accessories",2,False,C00,TOTAL CPC,0,0,TOTAL MOT,-1,N/A,0.0,False,-1,N/A,0.0,False,0.0,True,0.0,False,3728329.656,3545708.769,3728329.656,4,False,True
C,A,20220101,2022,52,2022,36,AUS,Australia,M,Import,0,W00,World,0,W00,World,H6,HS,True,91,Clocks and watches and parts thereof,2,False,C00,TOTAL CPC,0,0,TOTAL MOT,-1,N/A,0.0,False,-1,N/A,0.0,False,,False,0.0,False,770184455.571,758700220.887,770184455.571,0,False,True
C,A,20220101,2022,52,2022,36,AUS,Australia,M,Import,4,AFG,Afghanistan,0,W00,World,H6,HS,True,91,Clocks and watches and parts thereof,2,False,C00,TOTAL CPC,0,0,TOTAL MOT,-1,N/A,0.0,False,-1,N/A,0.0,False,,False,0.0,False,1812.689,1766.756,1812.689,0,False,True
C,A,20220101,2022,52,2022,36,AUS,Australia,M,Import,8,ALB,Albania,0,W00,World,H6,HS,True,91,Clocks and watches and parts thereof,2,False,C00,TOTAL CPC,0,0,TOTAL MOT,-1,N/A,0.0,False,-1,N/A,0.0,False,,False,0.0,False,791.821,764.089,791.821,0,False,True
C,A,20220101,2022,52,2022,36,AUS,Australia,M,Import,16,ASM,American Samoa,0,W00,World,H6,HS,True,91,Clocks and watches and parts thereof,2,False,C00,TOTAL CPC,0,0,TOTAL MOT,-1,N/A,0.0,False,-1,N/A,0.0,False,,False,0.0,False,807.428,767.224,807.428,0,False,True
C,A,20220101,2022,52,2022,36,AUS,Australia,M,Import,32,ARG,Argentina,0,W00,World,H6,HS,True,91,Clocks and watches and parts thereof,2,False,C00,TOTAL CPC,0,0,TOTAL MOT,-1,N/A,0.0,False,-1,N/A,0.0,False,,False,0.0,False,765.664,709.763,765.664,0,False,True
C,A,20220101,2022,52,2022,36,AUS,Australia,M,Import,36,AUS,Australia,0,W00,World,H6,HS,True,91,Clocks and watches and parts thereof,2,False,C00,TOTAL CPC,0,0,TOTAL MOT,-1,N/A,0.0,False,-1,N/A,0.0,False,,False,0.0,False,1035168.682,1027163.54,1035168.682,0,False,True
C,A,20220101,2022,52,2022,36,AUS,Australia,M,Import,40,AUT,Austria,0,W00,World,H6,HS,True,91,Clocks and watches and parts thereof,2,False,C00,TOTAL CPC,0,0,TOTAL MOT,-1,N/A,0.0,False,-1,N/A,0.0,False,,False,0.0,False,1187617.371,1159100.842,1187617.371,0,False,True
C,A,20220101,2022,52,2022,36,AUS,Australia,M,Import,50,BGD,Bangladesh,0,W00,World,H6,HS,True,91,Clocks and watches and parts thereof,2,False,C00,TOTAL CPC,0,0,TOTAL MOT,-1,N/A,0.0,False,-1,N/A,0.0,False,,False,0.0,False,3254.828,3202.833,3254.828,0,False,True
C,A,20220101,2022,52,2022,36,AUS,Australia,M,Import,56,BEL,Belgium,0,W00,World,H6,HS,True,91,Clocks and watches and parts thereof,2,False,C00,TOTAL CPC,0,0,TOTAL MOT,-1,N/A,0.0,False,-1,N/A,0.0,False,,False,0.0,False,149916.477,141469.437,149916.477,0,False,True
C,A,20220101,2022,52,2022,36,AUS,Australia,M,Import,76,BRA,Brazil,0,W00,World,H6,HS,True,91,Clocks and watches and parts thereof,2,False,C00,TOTAL CPC,0,0,TOTAL MOT,-1,N/A,0.0,False,-1,N/A,0.0,False,,False,0.0,False,3686.857,3522.061,3686.857,0,False,True
C,A,20220101,2022,52,2022,36,AUS,Australia,M,Import,100,BGR,Bulgaria,0,W00,World,H6,HS,True,91,Clocks and watches and parts thereof,2,False,C00,TOTAL CPC,0,0,TOTAL MOT,-1,N/A,0.0,False,-1,N/A,0.0,False,,False,0.0,False,20099.504,17188.861,20099.504,0,False,True
C,A,20220101,2022,52,2022,36,AUS,Australia,M,Import,112,BLR,Belarus,0,W00,World,H6,HS,True,91,Clocks and watches and parts thereof,2,False,C00,TOTAL CPC,0,0,TOTAL MOT,-1,N/A,0.0,False,-1,N/A,0.0,False,0.0,True,0.0,False,19341.311,17244.248,19341.311,4,False,True
C,A,20220101,2022,52,2022,36,AUS,Australia,M,Import,124,CAN,Canada,0,W00,World,H6,HS,True,91,Clocks and watches and parts thereof,2,False,C00,TOTAL CPC,0,0,TOTAL MOT,-1,N/A,0.0,False,-1,N/A,0.0,False,,False,0.0,False,429346.597,413606.416,429346.597,0,False,True
C,A,20220101,2022,52,2022,36,AUS,Australia,M,Import,144,LKA,Sri Lanka,0,W00,World,H6,HS,True,91,Clocks and watches and parts thereof,2,False,C00,TOTAL CPC,0,0,TOTAL MOT,-1,N/A,0.0,False,-1,N/A,0.0,False,0.0,True,0.0,False,174223.259,173650.566,174223.259,4,False,True
C,A,20220101,2022,52,2022,36,AUS,Australia,M,Import,152,CHL,Chile,0,W00,World,H6,HS,True,91,Clocks and watches and parts thereof,2,False,C00,TOTAL CPC,0,0,TOTAL MOT,-1,N/A,0.0,False,-1,N/A,0.0,False,,False,0.0,False,867.053,813.955,867.053,0,False,True
C,A,20220101,2022,52,2022,36,AUS,Australia,M,Import,156,CHN,China,0,W00,World,H6,HS,True,91,Clocks and watches and parts thereof,2,False,C00,TOTAL CPC,0,0,TOTAL MOT,-1,N/A,0.0,False,-1,N/A,0.0,False,,False,0.0,False,101385524.823,95935195.196,101385524.823,0,False,True
C,A,20220101,2022,52,2022,36,AUS,Australia,M,Import,170,COL,Colombia,0,W00,World,H6,HS,True,91,Clocks and watches and parts thereof,2,False,C00,TOTAL CPC,0,0,TOTAL MOT,-1,N/A,0.0,False,-1,N/A,0.0,False,,False,0.0,False,1708.199,1648.06,1708.199,0,False,True
C,A,20220101,2022,52,2022,36,AUS,Australia,M,Import,191,HRV,Croatia,0,W00,World,H6,HS,True,91,Clocks and watches and parts thereof,2,False,C00,TOTAL CPC,0,0,TOTAL MOT,-1,N/A,0.0,False,-1,N/A,0.0,False,,False,0.0,False,1683.686,1599.776,1683.686,0,False,True
C,A,20220101,2022,52,2022,36,AUS,Australia,M,Import,203,CZE,Czechia,0,W00,World,H6,HS,True,91,Clocks and watches and parts thereof,2,False,C00,TOTAL CPC,0,0,TOTAL MOT,-1,N/A,0.0,False,-1,N/A,0.0,False,0.0,True,0.0,False,70733.761,63317.813,70733.761,4,False,True
C,A,20220101,2022,52,2022,36,AUS,Australia,M,Import,208,DNK,Denmark,0,W00,World,H6,HS,True,91,Clocks and watches and parts thereof,2,False,C00,TOTAL CPC,0,0,TOTAL MOT,-1,N/A,0.0,False,-1,N/A,0.0,False,0.0,True,0.0,False,104590.051,98175.563,104590.051,4,False,True
C,A,20220101,2022,52,2022,36,AUS,Australia,M,Import,233,EST,Estonia,0,W00,World,H6,HS,True,91,Clocks and watches and parts thereof,2,False,C00,TOTAL CPC,0,0,TOTAL MOT,-1,N/A,0.0,False,-1,N/A,0.0,False,0.0,True,0.0,False,3277.76,3214.722,3277.76,4,False,True
C,A,20220101,2022,52,2022,36,AUS,Australia,M,Import,242,FJI,Fiji,0,W00,World,H6,HS,True,91,Clocks and watches and parts thereof,2,False,C00,TOTAL CPC,0,0,TOTAL MOT,-1,N/A,0.0,False,-1,N/A,0.0,False,,False,0.0,False,135093.529,134353.364,135093.529,0,False,True
C,A,20220101,2022,52,2022,36,AUS,Australia,M,Import,246,FIN,Finland,0,W00,World,H6,HS,True,91,Clocks and watches and parts thereof,2,False,C00,TOTAL CPC,0,0,TOTAL MOT,-1,N/A,0.0,False,-1,N/A,0.0,False,0.0,True,0.0,False,126413.063,123859.896,126413.063,4,False,True
C,A,20220101,2022,52,2022,36,AUS,Australia,M,Import,251,FRA,France,0,W00,World,H6,HS,True,91,Clocks and watches and parts thereof,2,False,C00,TOTAL CPC,0,0,TOTAL MOT,-1,N/A,0.0,False,-1,N/A,0.0,False,0.0,True,0.0,False,8849427.715,8690599.39,8849427.715,4,False,True
C,A,20220101,2022,52,2022,36,AUS,Australia,M,Import,268,GEO,Georgia,0,W00,World,H6,HS,True,91,Clocks and watches and parts thereof,2,False,C00,TOTAL CPC,0,0,TOTAL MOT,-1,N/A,0.0,False,-1,N/A,0.0,False,,False,0.0,False,1224.134,1185.324,1224.134,0,False,True
C,A,20220101,2022,52,2022,36,AUS,Australia,M,Import,276,DEU,Germany,0,W00,World,H6,HS,True,91,Clocks and watches and parts thereof,2,False,C00,TOTAL CPC,0,0,TOTAL MOT,-1,N/A,0.0,False,-1,N/A,0.0,False,,False,0.0,False,8857107.926,8607283.345,8857107.926,0,False,True
C,A,20220101,2022,52,2022,36,AUS,Australia,M,Import,292,GIB,Gibraltar,0,W00,World,H6,HS,True,91,Clocks and watches and parts thereof,2,False,C00,TOTAL CPC,0,0,TOTAL MOT,-1,N/A,0.0,False,-1,N/A,0.0,False,,False,0.0,False,3147.411,3074.106,3147.411,0,False,True
C,A,20220101,2022,52,2022,36,AUS,Australia,M,Import,300,GRC,Greece,0,W00,World,H6,HS,True,91,Clocks and watches and parts thereof,2,False,C00,TOTAL CPC,0,0,TOTAL MOT,-1,N/A,0.0,False,-1,N/A,0.0,False,,False,0.0,False,14042.331,13509.759,14042.331,0,False,True
C,A,20220101,2022,52,2022,36,AUS,Australia,M,Import,316,GUM,Guam,0,W00,World,H6,HS,True,91,Clocks and watches and parts thereof,2,False,C00,TOTAL CPC,0,0,TOTAL MOT,-1,N/A,0.0,False,-1,N/A,0.0,False,,False,0.0,False,16906.028,16455.618,16906.028,0,False,True
C,A,20220101,2022,52,2022,36,AUS,Australia,M,Import,344,HKG,"China, Hong Kong SAR",0,W00,World,H6,HS,True,91,Clocks and watches and parts thereof,2,False,C00,TOTAL CPC,0,0,TOTAL MOT,-1,N/A,0.0,False,-1,N/A,0.0,False,,False,0.0,False,19585718.28,19278660.099,19585718.28,0,False,True
C,A,20220101,2022,52,2022,36,AUS,Australia,M,Import,348,HUN,Hungary,0,W00,World,H6,HS,True,91,Clocks and watches and parts thereof,2,False,C00,TOTAL CPC,0,0,TOTAL MOT,-1,N/A,0.0,False,-1,N/A,0.0,False,,False,0.0,False,87434.516,86542.093,87434.516,0,False,True
C,A,20220101,2022,52,2022,36,AUS,Australia,M,Import,352,ISL,Iceland,0,W00,World,H6,HS,True,91,Clocks and watches and parts thereof,2,False,C00,TOTAL CPC,0,0,TOTAL MOT,-1,N/A,0.0,False,-1,N/A,0.0,False,,False,0.0,False,6121.959,5941.091,6121.959,0,False,True
C,A,20220101,2022,52,2022,36,AUS,Australia,M,Import,360,IDN,Indonesia,0,W00,World,H6,HS,True,91,Clocks and watches and parts thereof,2,False,C00,TOTAL CPC,0,0,TOTAL MOT,-1,N/A,0.0,False,-1,N/A,0.0,False,,False,0.0,False,180609.488,174393.34,180609.488,0,False,True
C,A,20220101,2022,52,2022,36,AUS,Australia,M,Import,372,IRL,Ireland,0,W00,World,H6,HS,True,91,Clocks and watches and parts thereof,2,False,C00,TOTAL CPC,0,0,TOTAL MOT,-1,N/A,0.0,False,-1,N/A,0.0,False,,False,0.0,False,10027.215,9315.829,10027.215,0,False,True
C,A,20220101,2022,52,2022,36,AUS,Australia,M,Import,376,ISR,Israel,0,W00,World,H6,HS,True,91,Clocks and watches and parts thereof,2,False,C00,TOTAL CPC,0,0,TOTAL MOT,-1,N/A,0.0,False,-1,N/A,0.0,False,0.0,True,0.0,False,366295.143,357080.822,366295.143,4,False,True
C,A,20220101,2022,52,2022,36,AUS,Australia,M,Import,380,ITA,Italy,0,W00,World,H6,HS,True,91,Clocks and watches and parts thereof,2,False,C00,TOTAL CPC,0,0,TOTAL MOT,-1,N/A,0.0,False,-1,N/A,0.0,False,0.0,True,0.0,False,2443180.691,2343865.187,2443180.691,4,False,True
C,A,20220101,2022,52,2022,36,AUS,Australia,M,Import,384,CIV,Côte d'Ivoire,0,W00,World,H6,HS,True,91,Clocks and watches and parts thereof,2,False,C00,TOTAL CPC,0,0,TOTAL MOT,-1,N/A,0.0,False,-1,N/A,0.0,False,,False,0.0,False,1463.87,1429.445,1463.87,0,False,True
C,A,20220101,2022,52,2022,36,AUS,Australia,M,Import,392,JPN,Japan,0,W00,World,H6,HS,True,91,Clocks and watches and parts thereof,2,False,C00,TOTAL CPC,0,0,TOTAL MOT,-1,N/A,0.0,False,-1,N/A,0.0,False,,False,0.0,False,13361449.127,13082862.731,13361449.127,0,False,True
C,A,20220101,2022,52,2022,36,AUS,Australia,M,Import,410,KOR,Rep. of Korea,0,W00,World,H6,HS,True,91,Clocks and watches and parts thereof,2,False,C00,TOTAL CPC,0,0,TOTAL MOT,-1,N/A,0.0,False,-1,N/A,0.0,False,0.0,True,0.0,False,64152.459,61301.164,64152.459,4,False,True
C,A,20220101,2022,52,2022,36,AUS,Australia,M,Import,414,KWT,Kuwait,0,W00,World,H6,HS,True,91,Clocks and watches and parts thereof,2,False,C00,TOTAL CPC,0,0,TOTAL MOT,-1,N/A,0.0,False,-1,N/A,0.0,False,,False,0.0,False,5827.23,5608.17,5827.23,0,False,True
C,A,20220101,2022,52,2022,36,AUS,Australia,M,Import,422,LBN,Lebanon,0,W00,World,H6,HS,True,91,Clocks and watches and parts thereof,2,False,C00,TOTAL CPC,0,0,TOTAL MOT,-1,N/A,0.0,False,-1,N/A,0.0,False,,False,0.0,False,8522.42,7120.145,8522.42,0,False,True
C,A,20220101,2022,52,2022,36,AUS,Australia,M,Import,428,LVA,Latvia,0,W00,World,H6,HS,True,91,Clocks and watches and parts thereof,2,False,C00,TOTAL CPC,0,0,TOTAL MOT,-1,N/A,0.0,False,-1,N/A,0.0,False,,False,0.0,False,11044.477,10868.777,11044.477,0,False,True
C,A,20220101,2022,52,2022,36,AUS,Australia,M,Import,440,LTU,Lithuania,0,W00,World,H6,HS,True,91,Clocks and watches and parts thereof,2,False,C00,TOTAL CPC,0,0,TOTAL MOT,-1,N/A,0.0,False,-1,N/A,0.0,False,,False,0.0,False,7759.621,7662.442,7759.621,0,False,True
C,A,20220101,2022,52,2022,36,AUS,Australia,M,Import,442,LUX,Luxembourg,0,W00,World,H6,HS,True,91,Clocks and watches and parts thereof,2,False,C00,TOTAL CPC,0,0,TOTAL MOT,-1,N/A,0.0,False,-1,N/A,0.0,False,,False,0.0,False,16921.122,16446.719,16921.122,0,False,True
C,A,20220101,2022,52,2022,36,AUS,Australia,M,Import,446,MAC,"China, Macao SAR",0,W00,World,H6,HS,True,91,Clocks and watches and parts thereof,2,False,C00,TOTAL CPC,0,0,TOTAL MOT,-1,N/A,0.0,False,-1,N/A,0.0,False,,False,0.0,False,10085.523,9929.724,10085.523,0,False,True
C,A,20220101,2022,52,2022,36,AUS,Australia,M,Import,450,MDG,Madagascar,0,W00,World,H6,HS,True,91,Clocks and watches and parts thereof,2,False,C00,TOTAL CPC,0,0,TOTAL MOT,-1,N/A,0.0,False,-1,N/A,0.0,False,,False,0.0,False,5446.122,5345.904,5446.122,0,False,True
C,A,20220101,2022,52,2022,36,AUS,Australia,M,Import,458,MYS,Malaysia,0,W00,World,H6,HS,True,91,Clocks and watches and parts thereof,2,False,C00,TOTAL CPC,0,0,TOTAL MOT,-1,N/A,0.0,False,-1,N/A,0.0,False,0.0,True,0.0,False,239537.683,217260.09,239537.683,4,False,True
C,A,20220101,2022,52,2022,36,AUS,Australia,M,Import,470,MLT,Malta,0,W00,World,H6,HS,True,91,Clocks and watches and parts thereof,2,False,C00,TOTAL CPC,0,0,TOTAL MOT,-1,N/A,0.0,False,-1,N/A,0.0,False,,False,0.0,False,53131.032,52081.314,53131.032,0,False,True
C,A,20220101,2022,52,2022,36,AUS,Australia,M,Import,480,MUS,Mauritius,0,W00,World,H6,HS,True,91,Clocks and watches and parts thereof,2,False,C00,TOTAL CPC,0,0,TOTAL MOT,-1,N/A,0.0,False,-1,N/A,0.0,False,,False,0.0,False,1218.148,1139.579,1218.148,0,False,True
C,A,20220101,2022,52,2022,36,AUS,Australia,M,Import,484,MEX,Mexico,0,W00,World,H6,HS,True,91,Clocks and watches and parts thereof,2,False,C00,TOTAL CPC,0,0,TOTAL MOT,-1,N/A,0.0,False,-1,N/A,0.0,False,0.0,True,0.0,False,1126471.335,1051448.601,1126471.335,4,False,True
C,A,20220101,2022,52,2022,36,AUS,Australia,M,Import,490,S19,"Other Asia, nes",0,W00,World,H6,HS,True,91,Clocks and watches and parts thereof,2,False,C00,TOTAL CPC,0,0,TOTAL MOT,-1,N/A,0.0,False,-1,N/A,0.0,False,0.0,True,0.0,False,1461642.856,1382906.2,1461642.856,4,False,True
C,A,20220101,2022,52,2022,36,AUS,Australia,M,Import,504,MAR,Morocco,0,W00,World,H6,HS,True,91,Clocks and watches and parts thereof,2,False,C00,TOTAL CPC,0,0,TOTAL MOT,-1,N/A,0.0,False,-1,N/A,0.0,False,0.0,True,0.0,False,10106.187,9171.309,10106.187,4,False,True
C,A,20220101,2022,52,2022,36,AUS,Australia,M,Import,528,NLD,Netherlands,0,W00,World,H6,HS,True,91,Clocks and watches and parts thereof,2,False,C00,TOTAL CPC,0,0,TOTAL MOT,-1,N/A,0.0,False,-1,N/A,0.0,False,,False,0.0,False,1042020.228,1002857.572,1042020.228,0,False,True
C,A,20220101,2022,52,2022,36,AUS,Australia,M,Import,548,VUT,Vanuatu,0,W00,World,H6,HS,True,91,Clocks and watches and parts thereof,2,False,C00,TOTAL CPC,0,0,TOTAL MOT,-1,N/A,0.0,False,-1,N/A,0.0,False,,False,0.0,False,5788.448,5674.053,5788.448,0,False,True
C,A,20220101,2022,52,2022,36,AUS,Australia,M,Import,554,NZL,New Zealand,0,W00,World,H6,HS,True,91,Clocks and watches and parts thereof,2,False,C00,TOTAL CPC,0,0,TOTAL MOT,-1,N/A,0.0,False,-1,N/A,0.0,False,,False,0.0,False,1391993.064,1363455.529,1391993.064,0,False,True
C,A,20220101,2022,52,2022,36,AUS,Australia,M,Import,579,NOR,Norway,0,W00,World,H6,HS,True,91,Clocks and watches and parts thereof,2,False,C00,TOTAL CPC,0,0,TOTAL MOT,-1,N/A,0.0,False,-1,N/A,0.0,False,,False,0.0,False,19257.907,18701.148,19257.907,0,False,True
C,A,20220101,2022,52,2022,36,AUS,Australia,M,Import,586,PAK,Pakistan,0,W00,World,H6,HS,True,91,Clocks and watches and parts thereof,2,False,C00,TOTAL CPC,0,0,TOTAL MOT,-1,N/A,0.0,False,-1,N/A,0.0,False,,False,0.0,False,5604.487,4950.736,5604.487,0,False,True
C,A,20220101,2022,52,2022,36,AUS,Australia,M,Import,598,PNG,Papua New Guinea,0,W00,World,H6,HS,True,91,Clocks and watches and parts thereof,2,False,C00,TOTAL CPC,0,0,TOTAL MOT,-1,N/A,0.0,False,-1,N/A,0.0,False,,False,0.0,False,2526.628,2495.178,2526.628,0,False,True
C,A,20220101,2022,52,2022,36,AUS,Australia,M,Import,608,PHL,Philippines,0,W00,World,H6,HS,True,91,Clocks and watches and parts thereof,2,False,C00,TOTAL CPC,0,0,TOTAL MOT,-1,N/A,0.0,False,-1,N/A,0.0,False,,False,0.0,False,5514955.198,5324729.249,5514955.198,0,False,True
C,A,20220101,2022,52,2022,36,AUS,Australia,M,Import,616,POL,Poland,0,W00,World,H6,HS,True,91,Clocks and watches and parts thereof,2,False,C00,TOTAL CPC,0,0,TOTAL MOT,-1,N/A,0.0,False,-1,N/A,0.0,False,0.0,True,0.0,False,361795.913,341636.749,361795.913,4,False,True
C,A,20220101,2022,52,2022,36,AUS,Australia,M,Import,620,PRT,Portugal,0,W00,World,H6,HS,True,91,Clocks and watches and parts thereof,2,False,C00,TOTAL CPC,0,0,TOTAL MOT,-1,N/A,0.0,False,-1,N/A,0.0,False,,False,0.0,False,103020.615,98687.52,103020.615,0,False,True
C,A,20220101,2022,52,2022,36,AUS,Australia,M,Import,634,QAT,Qatar,0,W00,World,H6,HS,True,91,Clocks and watches and parts thereof,2,False,C00,TOTAL CPC,0,0,TOTAL MOT,-1,N/A,0.0,False,-1,N/A,0.0,False,,False,0.0,False,5420.256,5330.228,5420.256,0,False,True
C,A,20220101,2022,52,2022,36,AUS,Australia,M,Import,642,ROU,Romania,0,W00,World,H6,HS,True,91,Clocks and watches and parts thereof,2,False,C00,TOTAL CPC,0,0,TOTAL MOT,-1,N/A,0.0,False,-1,N/A,0.0,False,,False,0.0,False,33268.074,32480.034,33268.074,0,False,True
C,A,20220101,2022,52,2022,36,AUS,Australia,M,Import,643,RUS,Russian Federation,0,W00,World,H6,HS,True,91,Clocks and watches and parts thereof,2,False,C00,TOTAL CPC,0,0,TOTAL MOT,-1,N/A,0.0,False,-1,N/A,0.0,False,,False,0.0,False,26609.5,24349.612,26609.5,0,False,True
C,A,20220101,2022,52,2022,36,AUS,Australia,M,Import,654,SHN,Saint Helena,0,W00,World,H6,HS,True,91,Clocks and watches and parts thereof,2,False,C00,TOTAL CPC,0,0,TOTAL MOT,-1,N/A,0.0,False,-1,N/A,0.0,False,,False,0.0,False,967.465,931.867,967.465,0,False,True
C,A,20220101,2022,52,2022,36,AUS,Australia,M,Import,659,KNA,Saint Kitts and Nevis,0,W00,World,H6,HS,True,91,Clocks and watches and parts thereof,2,False,C00,TOTAL CPC,0,0,TOTAL MOT,-1,N/A,0.0,False,-1,N/A,0.0,False,,False,0.0,False,8418.658,8381.451,8418.658,0,False,True
C,A,20220101,2022,52,2022,36,AUS,Australia,M,Import,682,SAU,Saudi Arabia,0,W00,World,H6,HS,True,91,Clocks and watches and parts thereof,2,False,C00,TOTAL CPC,0,0,TOTAL MOT,-1,N/A,0.0,False,-1,N/A,0.0,False,0.0,True,0.0,False,16915.871,15953.782,16915.871,4,False,True
C,A,20220101,2022,52,2022,36,AUS,Australia,M,Import,688,SRB,Serbia,0,W00,World,H6,HS,True,91,Clocks and watches and parts thereof,2,False,C00,TOTAL CPC,0,0,TOTAL MOT,-1,N/A,0.0,False,-1,N/A,0.0,False,,False,0.0,False,2043.478,1898.764,2043.478,0,False,True
C,A,20220101,2022,52,2022,36,AUS,Australia,M,Import,699,IND,India,0,W00,World,H6,HS,True,91,Clocks and watches and parts thereof,2,False,C00,TOTAL CPC,0,0,TOTAL MOT,-1,N/A,0.0,False,-1,N/A,0.0,False,0.0,True,0.0,False,1177093.531,1090413.687,1177093.531,4,False,True
C,A,20220101,2022,52,2022,36,AUS,Australia,M,Import,702,SGP,Singapore,0,W00,World,H6,HS,True,91,Clocks and watches and parts thereof,2,False,C00,TOTAL CPC,0,0,TOTAL MOT,-1,N/A,0.0,False,-1,N/A,0.0,False,0.0,True,0.0,False,2573168.53,2556731.529,2573168.53,4,False,True
C,A,20220101,2022,52,2022,36,AUS,Australia,M,Import,703,SVK,Slovakia,0,W00,World,H6,HS,True,91,Clocks and watches and parts thereof,2,False,C00,TOTAL CPC,0,0,TOTAL MOT,-1,N/A,0.0,False,-1,N/A,0.0,False,0.0,True,0.0,False,54169.72,51075.657,54169.72,4,False,True
C,A,20220101,2022,52,2022,36,AUS,Australia,M,Import,704,VNM,Viet Nam,0,W00,World,H6,HS,True,91,Clocks and watches and parts thereof,2,False,C00,TOTAL CPC,0,0,TOTAL MOT,-1,N/A,0.0,False,-1,N/A,0.0,False,,False,0.0,False,34539.708,32556.986,34539.708,0,False,True
C,A,20220101,2022,52,2022,36,AUS,Australia,M,Import,705,SVN,Slovenia,0,W00,World,H6,HS,True,91,Clocks and watches and parts thereof,2,False,C00,TOTAL CPC,0,0,TOTAL MOT,-1,N/A,0.0,False,-1,N/A,0.0,False,,False,0.0,False,35774.54,34247.511,35774.54,0,False,True
C,A,20220101,2022,52,2022,36,AUS,Australia,M,Import,710,ZAF,South Africa,0,W00,World,H6,HS,True,91,Clocks and watches and parts thereof,2,False,C00,TOTAL CPC,0,0,TOTAL MOT,-1,N/A,0.0,False,-1,N/A,0.0,False,,False,0.0,False,119202.765,116502.699,119202.765,0,False,True
C,A,20220101,2022,52,2022,36,AUS,Australia,M,Import,724,ESP,Spain,0,W00,World,H6,HS,True,91,Clocks and watches and parts thereof,2,False,C00,TOTAL CPC,0,0,TOTAL MOT,-1,N/A,0.0,False,-1,N/A,0.0,False,0.0,True,0.0,False,499718.207,469996.375,499718.207,4,False,True
C,A,20220101,2022,52,2022,36,AUS,Australia,M,Import,748,SWZ,Eswatini,0,W00,World,H6,HS,True,91,Clocks and watches and parts thereof,2,False,C00,TOTAL CPC,0,0,TOTAL MOT,-1,N/A,0.0,False,-1,N/A,0.0,False,0.0,True,0.0,False,119035.049,117818.83,119035.049,4,False,True
C,A,20220101,2022,52,2022,36,AUS,Australia,M,Import,752,SWE,Sweden,0,W00,World,H6,HS,True,91,Clocks and watches and parts thereof,2,False,C00,TOTAL CPC,0,0,TOTAL MOT,-1,N/A,0.0,False,-1,N/A,0.0,False,0.0,True,0.0,False,197019.555,190171.942,197019.555,4,False,True
C,A,20220101,2022,52,2022,36,AUS,Australia,M,Import,757,CHE,Switzerland,0,W00,World,H6,HS,True,91,Clocks and watches and parts thereof,2,False,C00,TOTAL CPC,0,0,TOTAL MOT,-1,N/A,0.0,False,-1,N/A,0.0,False,,False,0.0,False,576958197.546,573368552.671,576958197.546,0,False,True
C,A,20220101,2022,52,2022,36,AUS,Australia,M,Import,764,THA,Thailand,0,W00,World,H6,HS,True,91,Clocks and watches and parts thereof,2,False,C00,TOTAL CPC,0,0,TOTAL MOT,-1,N/A,0.0,False,-1,N/A,0.0,False,0.0,True,0.0,False,5568098.944,5346000.204,5568098.944,4,False,True
C,A,20220101,2022,52,2022,36,AUS,Australia,M,Import,784,ARE,United Arab Emirates,0,W00,World,H6,HS,True,91,Clocks and watches and parts thereof,2,False,C00,TOTAL CPC,0,0,TOTAL MOT,-1,N/A,0.0,False,-1,N/A,0.0,False,,False,0.0,False,496842.594,442725.549,496842.594,0,False,True
C,A,20220101,2022,52,2022,36,AUS,Australia,M,Import,788,TUN,Tunisia,0,W00,World,H6,HS,True,91,Clocks and watches and parts thereof,2,False,C00,TOTAL CPC,0,0,TOTAL MOT,-1,N/A,0.0,False,-1,N/A,0.0,False,,False,0.0,False,6849.506,6703.717,6849.506,0,False,True
C,A,20220101,2022,52,2022,36,AUS,Australia,M,Import,792,TUR,Türkiye,0,W00,World,H6,HS,True,91,Clocks and watches and parts thereof,2,False,C00,TOTAL CPC,0,0,TOTAL MOT,-1,N/A,0.0,False,-1,N/A,0.0,False,0.0,True,0.0,False,29971.281,25535.782,29971.281,4,False,True
C,A,20220101,2022,52,2022,36,AUS,Australia,M,Import,804,UKR,Ukraine,0,W00,World,H6,HS,True,91,Clocks and watches and parts thereof,2,False,C00,TOTAL CPC,0,0,TOTAL MOT,-1,N/A,0.0,False,-1,N/A,0.0,False,,False,0.0,False,1011.373,936.723,1011.373,0,False,True
C,A,20220101,2022,52,2022,36,AUS,Australia,M,Import,818,EGY,Egypt,0,W00,World,H6,HS,True,91,Clocks and watches and parts thereof,2,False,C00,TOTAL CPC,0,0,TOTAL MOT,-1,N/A,0.0,False,-1,N/A,0.0,False,,False,0.0,False,1169.773,1090.913,1169.773,0,False,True
C,A,20220101,2022,52,2022,36,AUS,Australia,M,Import,826,GBR,United Kingdom,0,W00,World,H6,HS,True,91,Clocks and watches and parts thereof,2,False,C00,TOTAL CPC,0,0,TOTAL MOT,-1,N/A,0.0,False,-1,N/A,0.0,False,0.0,True,0.0,False,2815797.912,2732156.62,2815797.912,4,False,True
C,A,20220101,2022,52,2022,36,AUS,Australia,M,Import,842,USA,USA,0,W00,World,H6,HS,True,91,Clocks and watches and parts thereof,2,False,C00,TOTAL CPC,0,0,TOTAL MOT,-1,N/A,0.0,False,-1,N/A,0.0,False,,False,0.0,False,9290476.479,9028917.808,9290476.479,0,False,True
C,A,20220101,2022,52,2022,36,AUS,Australia,M,Import,894,ZMB,Zambia,0,W00,World,H6,HS,True,91,Clocks and watches and parts thereof,2,False,C00,TOTAL CPC,0,0,TOTAL MOT,-1,N/A,0.0,False,-1,N/A,0.0,False,,False,0.0,False,2966.307,2748.913,2966.307,0,False,True
